2026-05-08T17:58:40.981+05:30  INFO 11824 --- [adaptive-rate-limiter] [http-nio-8080-exec-4] c.r.a.controller.GatewayController       : Incoming | method=GET | path=/api/v1/users | ip=0:0:0:0:0:0:0:1
2026-05-08T17:58:40.981+05:30 DEBUG 11824 --- [adaptive-rate-limiter] [http-nio-8080-exec-4] c.r.a.filter.AuthenticationFilter        : Auth | AUTHENTICATED | key=test-client-123 | tier=FREE
2026-05-08T17:58:40.987+05:30  INFO 11824 --- [adaptive-rate-limiter] [http-nio-8080-exec-4] c.r.a.risk.CompositeRiskScorer           : MEDIUM RISK | client=client:test-client-123 | RiskScore{score=0.43, burst=0.05, errorRate=1.00, reason='High error rate (100% of error threshold)'}
2026-05-08T17:58:40.987+05:30  INFO 11824 --- [adaptive-rate-limiter] [http-nio-8080-exec-4] c.r.a.filter.RateLimitFilter             : Adaptive throttle | client=client:test-client-123 | base=60 | effective=34 | reason=High error rate (100% of error threshold)
2026-05-08T17:58:40.988+05:30 DEBUG 11824 --- [adaptive-rate-limiter] [http-nio-8080-exec-4] c.r.a.ratelimit.TokenBucketRateLimiter   : Token bucket ALLOWED key=rl:tb:client:test-client-123 remaining=22s
2026-05-08T17:58:40.988+05:30  INFO 11824 --- [adaptive-rate-limiter] [http-nio-8080-exec-4] c.r.a.filter.RateLimitFilter             : RateLimit | client=client:test-client-123 | path=/api/v1/users | allowed=true | remaining=22/44 | riskScore=0.43 | multiplier=0.57
2026-05-08T17:58:40.988+05:30 DEBUG 11824 --- [adaptive-rate-limiter] [http-nio-8080-exec-4] c.r.a.filter.FilterChain                 : Request ALLOWED | path=/api/v1/users | client=0:0:0:0:0:0:0:1
2026-05-08T17:58:40.988+05:30 DEBUG 11824 --- [adaptive-rate-limiter] [http-nio-8080-exec-4] c.r.a.controller.GatewayController       : Forwarding | method=GET | downstreamPath=/v1/users
2026-05-08T17:58:40.995+05:30 ERROR 11824 --- [adaptive-rate-limiter] [http-nio-8080-exec-4] c.r.a.controller.GatewayController       : Downstream error | status=404 NOT_FOUND | body=<!DOCTYPE HTML>
<html lang="en">
    <head>
        <meta charset="utf-8">
        <title>Error response</title>
    </head>
    <body>
        <h1>Error response</h1>
        <p>Error code: 404</p>
        <p>Message: File not found.</p>
        <p>Error code explanation: 404 - Nothing matches the given URI.</p>
    </body>
</html>

2026-05-08T17:58:49.518+05:30  INFO 11824 --- [adaptive-rate-limiter] [http-nio-8080-exec-5] c.r.a.controller.GatewayController       : Incoming | method=GET | path=/api/v1/users | ip=0:0:0:0:0:0:0:1
2026-05-08T17:58:49.520+05:30 DEBUG 11824 --- [adaptive-rate-limiter] [http-nio-8080-exec-5] c.r.a.filter.AuthenticationFilter        : Auth | AUTHENTICATED | key=test-client-123 | tier=FREE
2026-05-08T17:58:49.528+05:30  INFO 11824 --- [adaptive-rate-limiter] [http-nio-8080-exec-5] c.r.a.risk.CompositeRiskScorer           : MEDIUM RISK | client=client:test-client-123 | RiskScore{score=0.46, burst=0.10, errorRate=1.00, reason='High error rate (100% of error threshold)'}
2026-05-08T17:58:49.528+05:30  INFO 11824 --- [adaptive-rate-limiter] [http-nio-8080-exec-5] c.r.a.filter.RateLimitFilter             : Adaptive throttle | client=client:test-client-123 | base=60 | effective=32 | reason=High error rate (100% of error threshold)
2026-05-08T17:58:49.530+05:30 DEBUG 11824 --- [adaptive-rate-limiter] [http-nio-8080-exec-5] c.r.a.ratelimit.TokenBucketRateLimiter   : Token bucket ALLOWED key=rl:tb:client:test-client-123 remaining=26s
2026-05-08T17:58:49.530+05:30  INFO 11824 --- [adaptive-rate-limiter] [http-nio-8080-exec-5] c.r.a.filter.RateLimitFilter             : RateLimit | client=client:test-client-123 | path=/api/v1/users | allowed=true | remaining=26/42 | riskScore=0.46 | multiplier=0.54
2026-05-08T17:58:49.530+05:30 DEBUG 11824 --- [adaptive-rate-limiter] [http-nio-8080-exec-5] c.r.a.filter.FilterChain                 : Request ALLOWED | path=/api/v1/users | client=0:0:0:0:0:0:0:1
2026-05-08T17:58:49.530+05:30 DEBUG 11824 --- [adaptive-rate-limiter] [http-nio-8080-exec-5] c.r.a.controller.GatewayController       : Forwarding | method=GET | downstreamPath=/v1/users
2026-05-08T17:58:49.538+05:30 ERROR 11824 --- [adaptive-rate-limiter] [http-nio-8080-exec-5] c.r.a.controller.GatewayController       : Downstream error | status=404 NOT_FOUND | body=<!DOCTYPE HTML>
<html lang="en">
    <head>
        <meta charset="utf-8">
        <title>Error response</title>
    </head>
    <body>
        <h1>Error response</h1>
        <p>Error code: 404</p>
        <p>Message: File not found.</p>
        <p>Error code explanation: 404 - Nothing matches the given URI.</p>
    </body>
</html>

2026-05-08T17:58:49.621+05:30  INFO 11824 --- [adaptive-rate-limiter] [http-nio-8080-exec-6] c.r.a.controller.GatewayController       : Incoming | method=GET | path=/api/v1/users | ip=0:0:0:0:0:0:0:1
2026-05-08T17:58:49.621+05:30 DEBUG 11824 --- [adaptive-rate-limiter] [http-nio-8080-exec-6] c.r.a.filter.AuthenticationFilter        : Auth | AUTHENTICATED | key=test-client-123 | tier=FREE
2026-05-08T17:58:49.630+05:30  INFO 11824 --- [adaptive-rate-limiter] [http-nio-8080-exec-6] c.r.a.risk.CompositeRiskScorer           : MEDIUM RISK | client=client:test-client-123 | RiskScore{score=0.49, burst=0.15, errorRate=1.00, reason='High error rate (100% of error threshold)'}
2026-05-08T17:58:49.631+05:30  INFO 11824 --- [adaptive-rate-limiter] [http-nio-8080-exec-6] c.r.a.filter.RateLimitFilter             : Adaptive throttle | client=client:test-client-123 | base=60 | effective=30 | reason=High error rate (100% of error threshold)
2026-05-08T17:58:49.633+05:30 DEBUG 11824 --- [adaptive-rate-limiter] [http-nio-8080-exec-6] c.r.a.ratelimit.TokenBucketRateLimiter   : Token bucket ALLOWED key=rl:tb:client:test-client-123 remaining=25s
2026-05-08T17:58:49.633+05:30  INFO 11824 --- [adaptive-rate-limiter] [http-nio-8080-exec-6] c.r.a.filter.RateLimitFilter             : RateLimit | client=client:test-client-123 | path=/api/v1/users | allowed=true | remaining=25/40 | riskScore=0.49 | multiplier=0.51
2026-05-08T17:58:49.633+05:30 DEBUG 11824 --- [adaptive-rate-limiter] [http-nio-8080-exec-6] c.r.a.filter.FilterChain                 : Request ALLOWED | path=/api/v1/users | client=0:0:0:0:0:0:0:1
2026-05-08T17:58:49.633+05:30 DEBUG 11824 --- [adaptive-rate-limiter] [http-nio-8080-exec-6] c.r.a.controller.GatewayController       : Forwarding | method=GET | downstreamPath=/v1/users
2026-05-08T17:58:49.642+05:30 ERROR 11824 --- [adaptive-rate-limiter] [http-nio-8080-exec-6] c.r.a.controller.GatewayController       : Downstream error | status=404 NOT_FOUND | body=<!DOCTYPE HTML>
<html lang="en">
    <head>
        <meta charset="utf-8">
        <title>Error response</title>
    </head>
    <body>
        <h1>Error response</h1>
        <p>Error code: 404</p>
        <p>Message: File not found.</p>
        <p>Error code explanation: 404 - Nothing matches the given URI.</p>
    </body>
</html>

2026-05-08T17:58:49.730+05:30  INFO 11824 --- [adaptive-rate-limiter] [http-nio-8080-exec-7] c.r.a.controller.GatewayController       : Incoming | method=GET | path=/api/v1/users | ip=0:0:0:0:0:0:0:1
2026-05-08T17:58:49.730+05:30 DEBUG 11824 --- [adaptive-rate-limiter] [http-nio-8080-exec-7] c.r.a.filter.AuthenticationFilter        : Auth | AUTHENTICATED | key=test-client-123 | tier=FREE
2026-05-08T17:58:49.737+05:30  INFO 11824 --- [adaptive-rate-limiter] [http-nio-8080-exec-7] c.r.a.risk.CompositeRiskScorer           : MEDIUM RISK | client=client:test-client-123 | RiskScore{score=0.52, burst=0.20, errorRate=1.00, reason='High error rate (100% of error threshold)'}
2026-05-08T17:58:49.738+05:30  INFO 11824 --- [adaptive-rate-limiter] [http-nio-8080-exec-7] c.r.a.filter.RateLimitFilter             : Adaptive throttle | client=client:test-client-123 | base=60 | effective=28 | reason=High error rate (100% of error threshold)
2026-05-08T17:58:49.739+05:30 DEBUG 11824 --- [adaptive-rate-limiter] [http-nio-8080-exec-7] c.r.a.ratelimit.TokenBucketRateLimiter   : Token bucket ALLOWED key=rl:tb:client:test-client-123 remaining=24s
2026-05-08T17:58:49.739+05:30  INFO 11824 --- [adaptive-rate-limiter] [http-nio-8080-exec-7] c.r.a.filter.RateLimitFilter             : RateLimit | client=client:test-client-123 | path=/api/v1/users | allowed=true | remaining=24/38 | riskScore=0.52 | multiplier=0.48
2026-05-08T17:58:49.739+05:30 DEBUG 11824 --- [adaptive-rate-limiter] [http-nio-8080-exec-7] c.r.a.filter.FilterChain                 : Request ALLOWED | path=/api/v1/users | client=0:0:0:0:0:0:0:1
2026-05-08T17:58:49.739+05:30 DEBUG 11824 --- [adaptive-rate-limiter] [http-nio-8080-exec-7] c.r.a.controller.GatewayController       : Forwarding | method=GET | downstreamPath=/v1/users
2026-05-08T17:58:49.749+05:30 ERROR 11824 --- [adaptive-rate-limiter] [http-nio-8080-exec-7] c.r.a.controller.GatewayController       : Downstream error | status=404 NOT_FOUND | body=<!DOCTYPE HTML>
<html lang="en">
    <head>
        <meta charset="utf-8">
        <title>Error response</title>
    </head>
    <body>
        <h1>Error response</h1>
        <p>Error code: 404</p>
        <p>Message: File not found.</p>
        <p>Error code explanation: 404 - Nothing matches the given URI.</p>
    </body>
</html>

2026-05-08T17:58:49.818+05:30  INFO 11824 --- [adaptive-rate-limiter] [http-nio-8080-exec-8] c.r.a.controller.GatewayController       : Incoming | method=GET | path=/api/v1/users | ip=0:0:0:0:0:0:0:1
2026-05-08T17:58:49.818+05:30 DEBUG 11824 --- [adaptive-rate-limiter] [http-nio-8080-exec-8] c.r.a.filter.AuthenticationFilter        : Auth | AUTHENTICATED | key=test-client-123 | tier=FREE
2026-05-08T17:58:49.824+05:30  INFO 11824 --- [adaptive-rate-limiter] [http-nio-8080-exec-8] c.r.a.risk.CompositeRiskScorer           : MEDIUM RISK | client=client:test-client-123 | RiskScore{score=0.55, burst=0.25, errorRate=1.00, reason='High error rate (100% of error threshold)'}
2026-05-08T17:58:49.824+05:30  INFO 11824 --- [adaptive-rate-limiter] [http-nio-8080-exec-8] c.r.a.filter.RateLimitFilter             : Adaptive throttle | client=client:test-client-123 | base=60 | effective=26 | reason=High error rate (100% of error threshold)
2026-05-08T17:58:49.826+05:30 DEBUG 11824 --- [adaptive-rate-limiter] [http-nio-8080-exec-8] c.r.a.ratelimit.TokenBucketRateLimiter   : Token bucket ALLOWED key=rl:tb:client:test-client-123 remaining=23s
2026-05-08T17:58:49.826+05:30  INFO 11824 --- [adaptive-rate-limiter] [http-nio-8080-exec-8] c.r.a.filter.RateLimitFilter             : RateLimit | client=client:test-client-123 | path=/api/v1/users | allowed=true | remaining=23/36 | riskScore=0.55 | multiplier=0.45
2026-05-08T17:58:49.826+05:30 DEBUG 11824 --- [adaptive-rate-limiter] [http-nio-8080-exec-8] c.r.a.filter.FilterChain                 : Request ALLOWED | path=/api/v1/users | client=0:0:0:0:0:0:0:1
2026-05-08T17:58:49.826+05:30 DEBUG 11824 --- [adaptive-rate-limiter] [http-nio-8080-exec-8] c.r.a.controller.GatewayController       : Forwarding | method=GET | downstreamPath=/v1/users
2026-05-08T17:58:49.833+05:30 ERROR 11824 --- [adaptive-rate-limiter] [http-nio-8080-exec-8] c.r.a.controller.GatewayController       : Downstream error | status=404 NOT_FOUND | body=<!DOCTYPE HTML>
<html lang="en">
    <head>
        <meta charset="utf-8">
        <title>Error response</title>
    </head>
    <body>
        <h1>Error response</h1>
        <p>Error code: 404</p>
        <p>Message: File not found.</p>
        <p>Error code explanation: 404 - Nothing matches the given URI.</p>
    </body>
</html>

2026-05-08T17:58:49.904+05:30  INFO 11824 --- [adaptive-rate-limiter] [http-nio-8080-exec-9] c.r.a.controller.GatewayController       : Incoming | method=GET | path=/api/v1/users | ip=0:0:0:0:0:0:0:1
2026-05-08T17:58:49.904+05:30 DEBUG 11824 --- [adaptive-rate-limiter] [http-nio-8080-exec-9] c.r.a.filter.AuthenticationFilter        : Auth | AUTHENTICATED | key=test-client-123 | tier=FREE
2026-05-08T17:58:49.910+05:30  INFO 11824 --- [adaptive-rate-limiter] [http-nio-8080-exec-9] c.r.a.risk.CompositeRiskScorer           : MEDIUM RISK | client=client:test-client-123 | RiskScore{score=0.58, burst=0.30, errorRate=1.00, reason='High error rate (100% of error threshold)'}
2026-05-08T17:58:49.910+05:30  INFO 11824 --- [adaptive-rate-limiter] [http-nio-8080-exec-9] c.r.a.filter.RateLimitFilter             : Adaptive throttle | client=client:test-client-123 | base=60 | effective=25 | reason=High error rate (100% of error threshold)
2026-05-08T17:58:49.911+05:30 DEBUG 11824 --- [adaptive-rate-limiter] [http-nio-8080-exec-9] c.r.a.ratelimit.TokenBucketRateLimiter   : Token bucket ALLOWED key=rl:tb:client:test-client-123 remaining=22s
2026-05-08T17:58:49.911+05:30  INFO 11824 --- [adaptive-rate-limiter] [http-nio-8080-exec-9] c.r.a.filter.RateLimitFilter             : RateLimit | client=client:test-client-123 | path=/api/v1/users | allowed=true | remaining=22/35 | riskScore=0.58 | multiplier=0.42
2026-05-08T17:58:49.911+05:30 DEBUG 11824 --- [adaptive-rate-limiter] [http-nio-8080-exec-9] c.r.a.filter.FilterChain                 : Request ALLOWED | path=/api/v1/users | client=0:0:0:0:0:0:0:1
2026-05-08T17:58:49.911+05:30 DEBUG 11824 --- [adaptive-rate-limiter] [http-nio-8080-exec-9] c.r.a.controller.GatewayController       : Forwarding | method=GET | downstreamPath=/v1/users
2026-05-08T17:58:49.918+05:30 ERROR 11824 --- [adaptive-rate-limiter] [http-nio-8080-exec-9] c.r.a.controller.GatewayController       : Downstream error | status=404 NOT_FOUND | body=<!DOCTYPE HTML>
<html lang="en">
    <head>
        <meta charset="utf-8">
        <title>Error response</title>
    </head>
    <body>
        <h1>Error response</h1>
        <p>Error code: 404</p>
        <p>Message: File not found.</p>
        <p>Error code explanation: 404 - Nothing matches the given URI.</p>
    </body>
</html>

2026-05-08T17:58:49.980+05:30  INFO 11824 --- [adaptive-rate-limiter] [http-nio-8080-exec-10] c.r.a.controller.GatewayController       : Incoming | method=GET | path=/api/v1/users | ip=0:0:0:0:0:0:0:1
2026-05-08T17:58:49.980+05:30 DEBUG 11824 --- [adaptive-rate-limiter] [http-nio-8080-exec-10] c.r.a.filter.AuthenticationFilter        : Auth | AUTHENTICATED | key=test-client-123 | tier=FREE
2026-05-08T17:58:49.986+05:30  INFO 11824 --- [adaptive-rate-limiter] [http-nio-8080-exec-10] c.r.a.risk.CompositeRiskScorer           : MEDIUM RISK | client=client:test-client-123 | RiskScore{score=0.61, burst=0.35, errorRate=1.00, reason='High error rate (100% of error threshold)'}
2026-05-08T17:58:49.986+05:30  INFO 11824 --- [adaptive-rate-limiter] [http-nio-8080-exec-10] c.r.a.filter.RateLimitFilter             : Adaptive throttle | client=client:test-client-123 | base=60 | effective=23 | reason=High error rate (100% of error threshold)
2026-05-08T17:58:49.987+05:30 DEBUG 11824 --- [adaptive-rate-limiter] [http-nio-8080-exec-10] c.r.a.ratelimit.TokenBucketRateLimiter   : Token bucket ALLOWED key=rl:tb:client:test-client-123 remaining=21s
2026-05-08T17:58:49.987+05:30  INFO 11824 --- [adaptive-rate-limiter] [http-nio-8080-exec-10] c.r.a.filter.RateLimitFilter             : RateLimit | client=client:test-client-123 | path=/api/v1/users | allowed=true | remaining=21/33 | riskScore=0.61 | multiplier=0.39
2026-05-08T17:58:49.988+05:30 DEBUG 11824 --- [adaptive-rate-limiter] [http-nio-8080-exec-10] c.r.a.filter.FilterChain                 : Request ALLOWED | path=/api/v1/users | client=0:0:0:0:0:0:0:1
2026-05-08T17:58:49.988+05:30 DEBUG 11824 --- [adaptive-rate-limiter] [http-nio-8080-exec-10] c.r.a.controller.GatewayController       : Forwarding | method=GET | downstreamPath=/v1/users
2026-05-08T17:58:49.994+05:30 ERROR 11824 --- [adaptive-rate-limiter] [http-nio-8080-exec-10] c.r.a.controller.GatewayController       : Downstream error | status=404 NOT_FOUND | body=<!DOCTYPE HTML>
<html lang="en">
    <head>
        <meta charset="utf-8">
        <title>Error response</title>
    </head>
    <body>
        <h1>Error response</h1>
        <p>Error code: 404</p>
        <p>Message: File not found.</p>
        <p>Error code explanation: 404 - Nothing matches the given URI.</p>
    </body>
</html>

2026-05-08T17:58:50.075+05:30  INFO 11824 --- [adaptive-rate-limiter] [http-nio-8080-exec-1] c.r.a.controller.GatewayController       : Incoming | method=GET | path=/api/v1/users | ip=0:0:0:0:0:0:0:1
2026-05-08T17:58:50.076+05:30 DEBUG 11824 --- [adaptive-rate-limiter] [http-nio-8080-exec-1] c.r.a.filter.AuthenticationFilter        : Auth | AUTHENTICATED | key=test-client-123 | tier=FREE
2026-05-08T17:58:50.081+05:30  INFO 11824 --- [adaptive-rate-limiter] [http-nio-8080-exec-1] c.r.a.risk.CompositeRiskScorer           : MEDIUM RISK | client=client:test-client-123 | RiskScore{score=0.64, burst=0.40, errorRate=1.00, reason='High error rate (100% of error threshold)'}
2026-05-08T17:58:50.082+05:30  INFO 11824 --- [adaptive-rate-limiter] [http-nio-8080-exec-1] c.r.a.filter.RateLimitFilter             : Adaptive throttle | client=client:test-client-123 | base=60 | effective=21 | reason=High error rate (100% of error threshold)
2026-05-08T17:58:50.083+05:30 DEBUG 11824 --- [adaptive-rate-limiter] [http-nio-8080-exec-1] c.r.a.ratelimit.TokenBucketRateLimiter   : Token bucket ALLOWED key=rl:tb:client:test-client-123 remaining=20s
2026-05-08T17:58:50.083+05:30  INFO 11824 --- [adaptive-rate-limiter] [http-nio-8080-exec-1] c.r.a.filter.RateLimitFilter             : RateLimit | client=client:test-client-123 | path=/api/v1/users | allowed=true | remaining=20/31 | riskScore=0.64 | multiplier=0.36
2026-05-08T17:58:50.083+05:30 DEBUG 11824 --- [adaptive-rate-limiter] [http-nio-8080-exec-1] c.r.a.filter.FilterChain                 : Request ALLOWED | path=/api/v1/users | client=0:0:0:0:0:0:0:1
2026-05-08T17:58:50.083+05:30 DEBUG 11824 --- [adaptive-rate-limiter] [http-nio-8080-exec-1] c.r.a.controller.GatewayController       : Forwarding | method=GET | downstreamPath=/v1/users
2026-05-08T17:58:50.090+05:30 ERROR 11824 --- [adaptive-rate-limiter] [http-nio-8080-exec-1] c.r.a.controller.GatewayController       : Downstream error | status=404 NOT_FOUND | body=<!DOCTYPE HTML>
<html lang="en">
    <head>
        <meta charset="utf-8">
        <title>Error response</title>
    </head>
    <body>
        <h1>Error response</h1>
        <p>Error code: 404</p>
        <p>Message: File not found.</p>
        <p>Error code explanation: 404 - Nothing matches the given URI.</p>
    </body>
</html>

2026-05-08T17:58:50.155+05:30  INFO 11824 --- [adaptive-rate-limiter] [http-nio-8080-exec-2] c.r.a.controller.GatewayController       : Incoming | method=GET | path=/api/v1/users | ip=0:0:0:0:0:0:0:1
2026-05-08T17:58:50.155+05:30 DEBUG 11824 --- [adaptive-rate-limiter] [http-nio-8080-exec-2] c.r.a.filter.AuthenticationFilter        : Auth | AUTHENTICATED | key=test-client-123 | tier=FREE
2026-05-08T17:58:50.163+05:30  INFO 11824 --- [adaptive-rate-limiter] [http-nio-8080-exec-2] c.r.a.risk.CompositeRiskScorer           : MEDIUM RISK | client=client:test-client-123 | RiskScore{score=0.67, burst=0.45, errorRate=1.00, reason='High error rate (100% of error threshold)'}
2026-05-08T17:58:50.163+05:30  INFO 11824 --- [adaptive-rate-limiter] [http-nio-8080-exec-2] c.r.a.filter.RateLimitFilter             : Adaptive throttle | client=client:test-client-123 | base=60 | effective=19 | reason=High error rate (100% of error threshold)
2026-05-08T17:58:50.165+05:30 DEBUG 11824 --- [adaptive-rate-limiter] [http-nio-8080-exec-2] c.r.a.ratelimit.TokenBucketRateLimiter   : Token bucket ALLOWED key=rl:tb:client:test-client-123 remaining=19s
2026-05-08T17:58:50.165+05:30  INFO 11824 --- [adaptive-rate-limiter] [http-nio-8080-exec-2] c.r.a.filter.RateLimitFilter             : RateLimit | client=client:test-client-123 | path=/api/v1/users | allowed=true | remaining=19/29 | riskScore=0.67 | multiplier=0.33
2026-05-08T17:58:50.165+05:30 DEBUG 11824 --- [adaptive-rate-limiter] [http-nio-8080-exec-2] c.r.a.filter.FilterChain                 : Request ALLOWED | path=/api/v1/users | client=0:0:0:0:0:0:0:1
2026-05-08T17:58:50.165+05:30 DEBUG 11824 --- [adaptive-rate-limiter] [http-nio-8080-exec-2] c.r.a.controller.GatewayController       : Forwarding | method=GET | downstreamPath=/v1/users
2026-05-08T17:58:50.173+05:30 ERROR 11824 --- [adaptive-rate-limiter] [http-nio-8080-exec-2] c.r.a.controller.GatewayController       : Downstream error | status=404 NOT_FOUND | body=<!DOCTYPE HTML>
<html lang="en">
    <head>
        <meta charset="utf-8">
        <title>Error response</title>
    </head>
    <body>
        <h1>Error response</h1>
        <p>Error code: 404</p>
        <p>Message: File not found.</p>
        <p>Error code explanation: 404 - Nothing matches the given URI.</p>
    </body>
</html>

2026-05-08T17:58:50.258+05:30  INFO 11824 --- [adaptive-rate-limiter] [http-nio-8080-exec-3] c.r.a.controller.GatewayController       : Incoming | method=GET | path=/api/v1/users | ip=0:0:0:0:0:0:0:1
2026-05-08T17:58:50.258+05:30 DEBUG 11824 --- [adaptive-rate-limiter] [http-nio-8080-exec-3] c.r.a.filter.AuthenticationFilter        : Auth | AUTHENTICATED | key=test-client-123 | tier=FREE
2026-05-08T17:58:50.264+05:30  WARN 11824 --- [adaptive-rate-limiter] [http-nio-8080-exec-3] c.r.a.risk.CompositeRiskScorer           : HIGH RISK | client=client:test-client-123 | RiskScore{score=0.70, burst=0.50, errorRate=1.00, reason='High error rate (100% of error threshold)'}
2026-05-08T17:58:50.265+05:30  INFO 11824 --- [adaptive-rate-limiter] [http-nio-8080-exec-3] c.r.a.filter.RateLimitFilter             : Adaptive throttle | client=client:test-client-123 | base=60 | effective=18 | reason=High error rate (100% of error threshold)
2026-05-08T17:58:50.266+05:30 DEBUG 11824 --- [adaptive-rate-limiter] [http-nio-8080-exec-3] c.r.a.ratelimit.TokenBucketRateLimiter   : Token bucket ALLOWED key=rl:tb:client:test-client-123 remaining=17s
2026-05-08T17:58:50.266+05:30  INFO 11824 --- [adaptive-rate-limiter] [http-nio-8080-exec-3] c.r.a.filter.RateLimitFilter             : RateLimit | client=client:test-client-123 | path=/api/v1/users | allowed=true | remaining=17/18 | riskScore=0.70 | multiplier=0.30
2026-05-08T17:58:50.266+05:30 DEBUG 11824 --- [adaptive-rate-limiter] [http-nio-8080-exec-3] c.r.a.filter.FilterChain                 : Request ALLOWED | path=/api/v1/users | client=0:0:0:0:0:0:0:1
2026-05-08T17:58:50.266+05:30 DEBUG 11824 --- [adaptive-rate-limiter] [http-nio-8080-exec-3] c.r.a.controller.GatewayController       : Forwarding | method=GET | downstreamPath=/v1/users
2026-05-08T17:58:50.272+05:30 ERROR 11824 --- [adaptive-rate-limiter] [http-nio-8080-exec-3] c.r.a.controller.GatewayController       : Downstream error | status=404 NOT_FOUND | body=<!DOCTYPE HTML>
<html lang="en">
    <head>
        <meta charset="utf-8">
        <title>Error response</title>
    </head>
    <body>
        <h1>Error response</h1>
        <p>Error code: 404</p>
        <p>Message: File not found.</p>
        <p>Error code explanation: 404 - Nothing matches the given URI.</p>
    </body>
</html>

2026-05-08T17:58:50.359+05:30  INFO 11824 --- [adaptive-rate-limiter] [http-nio-8080-exec-4] c.r.a.controller.GatewayController       : Incoming | method=GET | path=/api/v1/users | ip=0:0:0:0:0:0:0:1
2026-05-08T17:58:50.360+05:30 DEBUG 11824 --- [adaptive-rate-limiter] [http-nio-8080-exec-4] c.r.a.filter.AuthenticationFilter        : Auth | AUTHENTICATED | key=test-client-123 | tier=FREE
2026-05-08T17:58:50.366+05:30  WARN 11824 --- [adaptive-rate-limiter] [http-nio-8080-exec-4] c.r.a.risk.CompositeRiskScorer           : HIGH RISK | client=client:test-client-123 | RiskScore{score=0.73, burst=0.55, errorRate=1.00, reason='High error rate (100% of error threshold)'}
2026-05-08T17:58:50.366+05:30  INFO 11824 --- [adaptive-rate-limiter] [http-nio-8080-exec-4] c.r.a.filter.RateLimitFilter             : Adaptive throttle | client=client:test-client-123 | base=60 | effective=16 | reason=High error rate (100% of error threshold)
2026-05-08T17:58:50.368+05:30 DEBUG 11824 --- [adaptive-rate-limiter] [http-nio-8080-exec-4] c.r.a.ratelimit.TokenBucketRateLimiter   : Token bucket ALLOWED key=rl:tb:client:test-client-123 remaining=15s
2026-05-08T17:58:50.368+05:30  INFO 11824 --- [adaptive-rate-limiter] [http-nio-8080-exec-4] c.r.a.filter.RateLimitFilter             : RateLimit | client=client:test-client-123 | path=/api/v1/users | allowed=true | remaining=15/16 | riskScore=0.73 | multiplier=0.27
2026-05-08T17:58:50.368+05:30 DEBUG 11824 --- [adaptive-rate-limiter] [http-nio-8080-exec-4] c.r.a.filter.FilterChain                 : Request ALLOWED | path=/api/v1/users | client=0:0:0:0:0:0:0:1
2026-05-08T17:58:50.368+05:30 DEBUG 11824 --- [adaptive-rate-limiter] [http-nio-8080-exec-4] c.r.a.controller.GatewayController       : Forwarding | method=GET | downstreamPath=/v1/users
2026-05-08T17:58:50.375+05:30 ERROR 11824 --- [adaptive-rate-limiter] [http-nio-8080-exec-4] c.r.a.controller.GatewayController       : Downstream error | status=404 NOT_FOUND | body=<!DOCTYPE HTML>
<html lang="en">
    <head>
        <meta charset="utf-8">
        <title>Error response</title>
    </head>
    <body>
        <h1>Error response</h1>
        <p>Error code: 404</p>
        <p>Message: File not found.</p>
        <p>Error code explanation: 404 - Nothing matches the given URI.</p>
    </body>
</html>

2026-05-08T17:58:50.450+05:30  INFO 11824 --- [adaptive-rate-limiter] [http-nio-8080-exec-5] c.r.a.controller.GatewayController       : Incoming | method=GET | path=/api/v1/users | ip=0:0:0:0:0:0:0:1
2026-05-08T17:58:50.450+05:30 DEBUG 11824 --- [adaptive-rate-limiter] [http-nio-8080-exec-5] c.r.a.filter.AuthenticationFilter        : Auth | AUTHENTICATED | key=test-client-123 | tier=FREE
2026-05-08T17:58:50.457+05:30  WARN 11824 --- [adaptive-rate-limiter] [http-nio-8080-exec-5] c.r.a.risk.CompositeRiskScorer           : HIGH RISK | client=client:test-client-123 | RiskScore{score=0.76, burst=0.60, errorRate=1.00, reason='High error rate (100% of error threshold)'}
2026-05-08T17:58:50.457+05:30  INFO 11824 --- [adaptive-rate-limiter] [http-nio-8080-exec-5] c.r.a.filter.RateLimitFilter             : Adaptive throttle | client=client:test-client-123 | base=60 | effective=14 | reason=High error rate (100% of error threshold)
2026-05-08T17:58:50.459+05:30 DEBUG 11824 --- [adaptive-rate-limiter] [http-nio-8080-exec-5] c.r.a.ratelimit.TokenBucketRateLimiter   : Token bucket ALLOWED key=rl:tb:client:test-client-123 remaining=13s
2026-05-08T17:58:50.459+05:30  INFO 11824 --- [adaptive-rate-limiter] [http-nio-8080-exec-5] c.r.a.filter.RateLimitFilter             : RateLimit | client=client:test-client-123 | path=/api/v1/users | allowed=true | remaining=13/14 | riskScore=0.76 | multiplier=0.24
2026-05-08T17:58:50.459+05:30 DEBUG 11824 --- [adaptive-rate-limiter] [http-nio-8080-exec-5] c.r.a.filter.FilterChain                 : Request ALLOWED | path=/api/v1/users | client=0:0:0:0:0:0:0:1
2026-05-08T17:58:50.459+05:30 DEBUG 11824 --- [adaptive-rate-limiter] [http-nio-8080-exec-5] c.r.a.controller.GatewayController       : Forwarding | method=GET | downstreamPath=/v1/users
2026-05-08T17:58:50.467+05:30 ERROR 11824 --- [adaptive-rate-limiter] [http-nio-8080-exec-5] c.r.a.controller.GatewayController       : Downstream error | status=404 NOT_FOUND | body=<!DOCTYPE HTML>
<html lang="en">
    <head>
        <meta charset="utf-8">
        <title>Error response</title>
    </head>
    <body>
        <h1>Error response</h1>
        <p>Error code: 404</p>
        <p>Message: File not found.</p>
        <p>Error code explanation: 404 - Nothing matches the given URI.</p>
    </body>
</html>

2026-05-08T17:58:50.513+05:30  INFO 11824 --- [adaptive-rate-limiter] [http-nio-8080-exec-6] c.r.a.controller.GatewayController       : Incoming | method=GET | path=/api/v1/users | ip=0:0:0:0:0:0:0:1
2026-05-08T17:58:50.514+05:30 DEBUG 11824 --- [adaptive-rate-limiter] [http-nio-8080-exec-6] c.r.a.filter.AuthenticationFilter        : Auth | AUTHENTICATED | key=test-client-123 | tier=FREE
2026-05-08T17:58:50.519+05:30  WARN 11824 --- [adaptive-rate-limiter] [http-nio-8080-exec-6] c.r.a.risk.CompositeRiskScorer           : HIGH RISK | client=client:test-client-123 | RiskScore{score=0.79, burst=0.65, errorRate=1.00, reason='High error rate (100% of error threshold)'}
2026-05-08T17:58:50.519+05:30  INFO 11824 --- [adaptive-rate-limiter] [http-nio-8080-exec-6] c.r.a.filter.RateLimitFilter             : Adaptive throttle | client=client:test-client-123 | base=60 | effective=12 | reason=High error rate (100% of error threshold)
2026-05-08T17:58:50.521+05:30 DEBUG 11824 --- [adaptive-rate-limiter] [http-nio-8080-exec-6] c.r.a.ratelimit.TokenBucketRateLimiter   : Token bucket ALLOWED key=rl:tb:client:test-client-123 remaining=11s
2026-05-08T17:58:50.521+05:30  INFO 11824 --- [adaptive-rate-limiter] [http-nio-8080-exec-6] c.r.a.filter.RateLimitFilter             : RateLimit | client=client:test-client-123 | path=/api/v1/users | allowed=true | remaining=11/12 | riskScore=0.79 | multiplier=0.21
2026-05-08T17:58:50.521+05:30 DEBUG 11824 --- [adaptive-rate-limiter] [http-nio-8080-exec-6] c.r.a.filter.FilterChain                 : Request ALLOWED | path=/api/v1/users | client=0:0:0:0:0:0:0:1
2026-05-08T17:58:50.521+05:30 DEBUG 11824 --- [adaptive-rate-limiter] [http-nio-8080-exec-6] c.r.a.controller.GatewayController       : Forwarding | method=GET | downstreamPath=/v1/users
2026-05-08T17:58:50.528+05:30 ERROR 11824 --- [adaptive-rate-limiter] [http-nio-8080-exec-6] c.r.a.controller.GatewayController       : Downstream error | status=404 NOT_FOUND | body=<!DOCTYPE HTML>
<html lang="en">
    <head>
        <meta charset="utf-8">
        <title>Error response</title>
    </head>
    <body>
        <h1>Error response</h1>
        <p>Error code: 404</p>
        <p>Message: File not found.</p>
        <p>Error code explanation: 404 - Nothing matches the given URI.</p>
    </body>
</html>

2026-05-08T17:58:50.569+05:30  INFO 11824 --- [adaptive-rate-limiter] [http-nio-8080-exec-7] c.r.a.controller.GatewayController       : Incoming | method=GET | path=/api/v1/users | ip=0:0:0:0:0:0:0:1
2026-05-08T17:58:50.569+05:30 DEBUG 11824 --- [adaptive-rate-limiter] [http-nio-8080-exec-7] c.r.a.filter.AuthenticationFilter        : Auth | AUTHENTICATED | key=test-client-123 | tier=FREE
2026-05-08T17:58:50.575+05:30  WARN 11824 --- [adaptive-rate-limiter] [http-nio-8080-exec-7] c.r.a.risk.CompositeRiskScorer           : HIGH RISK | client=client:test-client-123 | RiskScore{score=0.82, burst=0.70, errorRate=1.00, reason='High error rate (100% of error threshold)'}
2026-05-08T17:58:50.576+05:30  INFO 11824 --- [adaptive-rate-limiter] [http-nio-8080-exec-7] c.r.a.filter.RateLimitFilter             : Adaptive throttle | client=client:test-client-123 | base=60 | effective=10 | reason=High error rate (100% of error threshold)
2026-05-08T17:58:50.577+05:30 DEBUG 11824 --- [adaptive-rate-limiter] [http-nio-8080-exec-7] c.r.a.ratelimit.TokenBucketRateLimiter   : Token bucket ALLOWED key=rl:tb:client:test-client-123 remaining=9s
2026-05-08T17:58:50.577+05:30  INFO 11824 --- [adaptive-rate-limiter] [http-nio-8080-exec-7] c.r.a.filter.RateLimitFilter             : RateLimit | client=client:test-client-123 | path=/api/v1/users | allowed=true | remaining=9/10 | riskScore=0.82 | multiplier=0.18
2026-05-08T17:58:50.577+05:30 DEBUG 11824 --- [adaptive-rate-limiter] [http-nio-8080-exec-7] c.r.a.filter.FilterChain                 : Request ALLOWED | path=/api/v1/users | client=0:0:0:0:0:0:0:1
2026-05-08T17:58:50.577+05:30 DEBUG 11824 --- [adaptive-rate-limiter] [http-nio-8080-exec-7] c.r.a.controller.GatewayController       : Forwarding | method=GET | downstreamPath=/v1/users
2026-05-08T17:58:50.584+05:30 ERROR 11824 --- [adaptive-rate-limiter] [http-nio-8080-exec-7] c.r.a.controller.GatewayController       : Downstream error | status=404 NOT_FOUND | body=<!DOCTYPE HTML>
<html lang="en">
    <head>
        <meta charset="utf-8">
        <title>Error response</title>
    </head>
    <body>
        <h1>Error response</h1>
        <p>Error code: 404</p>
        <p>Message: File not found.</p>
        <p>Error code explanation: 404 - Nothing matches the given URI.</p>
    </body>
</html>

2026-05-08T17:58:50.676+05:30  INFO 11824 --- [adaptive-rate-limiter] [http-nio-8080-exec-8] c.r.a.controller.GatewayController       : Incoming | method=GET | path=/api/v1/users | ip=0:0:0:0:0:0:0:1
2026-05-08T17:58:50.677+05:30 DEBUG 11824 --- [adaptive-rate-limiter] [http-nio-8080-exec-8] c.r.a.filter.AuthenticationFilter        : Auth | AUTHENTICATED | key=test-client-123 | tier=FREE
2026-05-08T17:58:50.683+05:30  WARN 11824 --- [adaptive-rate-limiter] [http-nio-8080-exec-8] c.r.a.risk.CompositeRiskScorer           : HIGH RISK | client=client:test-client-123 | RiskScore{score=0.85, burst=0.75, errorRate=1.00, reason='High error rate (100% of error threshold)'}
2026-05-08T17:58:50.683+05:30  INFO 11824 --- [adaptive-rate-limiter] [http-nio-8080-exec-8] c.r.a.filter.RateLimitFilter             : Adaptive throttle | client=client:test-client-123 | base=60 | effective=9 | reason=High error rate (100% of error threshold)
2026-05-08T17:58:50.684+05:30 DEBUG 11824 --- [adaptive-rate-limiter] [http-nio-8080-exec-8] c.r.a.ratelimit.TokenBucketRateLimiter   : Token bucket ALLOWED key=rl:tb:client:test-client-123 remaining=8s
2026-05-08T17:58:50.684+05:30  INFO 11824 --- [adaptive-rate-limiter] [http-nio-8080-exec-8] c.r.a.filter.RateLimitFilter             : RateLimit | client=client:test-client-123 | path=/api/v1/users | allowed=true | remaining=8/9 | riskScore=0.85 | multiplier=0.15
2026-05-08T17:58:50.684+05:30 DEBUG 11824 --- [adaptive-rate-limiter] [http-nio-8080-exec-8] c.r.a.filter.FilterChain                 : Request ALLOWED | path=/api/v1/users | client=0:0:0:0:0:0:0:1
2026-05-08T17:58:50.684+05:30 DEBUG 11824 --- [adaptive-rate-limiter] [http-nio-8080-exec-8] c.r.a.controller.GatewayController       : Forwarding | method=GET | downstreamPath=/v1/users
2026-05-08T17:58:50.692+05:30 ERROR 11824 --- [adaptive-rate-limiter] [http-nio-8080-exec-8] c.r.a.controller.GatewayController       : Downstream error | status=404 NOT_FOUND | body=<!DOCTYPE HTML>
<html lang="en">
    <head>
        <meta charset="utf-8">
        <title>Error response</title>
    </head>
    <body>
        <h1>Error response</h1>
        <p>Error code: 404</p>
        <p>Message: File not found.</p>
        <p>Error code explanation: 404 - Nothing matches the given URI.</p>
    </body>
</html>

2026-05-08T17:58:50.778+05:30  INFO 11824 --- [adaptive-rate-limiter] [http-nio-8080-exec-9] c.r.a.controller.GatewayController       : Incoming | method=GET | path=/api/v1/users | ip=0:0:0:0:0:0:0:1
2026-05-08T17:58:50.778+05:30 DEBUG 11824 --- [adaptive-rate-limiter] [http-nio-8080-exec-9] c.r.a.filter.AuthenticationFilter        : Auth | AUTHENTICATED | key=test-client-123 | tier=FREE
2026-05-08T17:58:50.785+05:30  WARN 11824 --- [adaptive-rate-limiter] [http-nio-8080-exec-9] c.r.a.risk.CompositeRiskScorer           : HIGH RISK | client=client:test-client-123 | RiskScore{score=0.88, burst=0.80, errorRate=1.00, reason='High error rate (100% of error threshold)'}
2026-05-08T17:58:50.785+05:30  INFO 11824 --- [adaptive-rate-limiter] [http-nio-8080-exec-9] c.r.a.filter.RateLimitFilter             : Adaptive throttle | client=client:test-client-123 | base=60 | effective=7 | reason=High error rate (100% of error threshold)
2026-05-08T17:58:50.786+05:30 DEBUG 11824 --- [adaptive-rate-limiter] [http-nio-8080-exec-9] c.r.a.ratelimit.TokenBucketRateLimiter   : Token bucket ALLOWED key=rl:tb:client:test-client-123 remaining=6s
2026-05-08T17:58:50.786+05:30  INFO 11824 --- [adaptive-rate-limiter] [http-nio-8080-exec-9] c.r.a.filter.RateLimitFilter             : RateLimit | client=client:test-client-123 | path=/api/v1/users | allowed=true | remaining=6/7 | riskScore=0.88 | multiplier=0.12
2026-05-08T17:58:50.786+05:30 DEBUG 11824 --- [adaptive-rate-limiter] [http-nio-8080-exec-9] c.r.a.filter.FilterChain                 : Request ALLOWED | path=/api/v1/users | client=0:0:0:0:0:0:0:1
2026-05-08T17:58:50.786+05:30 DEBUG 11824 --- [adaptive-rate-limiter] [http-nio-8080-exec-9] c.r.a.controller.GatewayController       : Forwarding | method=GET | downstreamPath=/v1/users
2026-05-08T17:58:50.793+05:30 ERROR 11824 --- [adaptive-rate-limiter] [http-nio-8080-exec-9] c.r.a.controller.GatewayController       : Downstream error | status=404 NOT_FOUND | body=<!DOCTYPE HTML>
<html lang="en">
    <head>
        <meta charset="utf-8">
        <title>Error response</title>
    </head>
    <body>
        <h1>Error response</h1>
        <p>Error code: 404</p>
        <p>Message: File not found.</p>
        <p>Error code explanation: 404 - Nothing matches the given URI.</p>
    </body>
</html>

2026-05-08T17:58:50.860+05:30  INFO 11824 --- [adaptive-rate-limiter] [http-nio-8080-exec-10] c.r.a.controller.GatewayController       : Incoming | method=GET | path=/api/v1/users | ip=0:0:0:0:0:0:0:1
2026-05-08T17:58:50.860+05:30 DEBUG 11824 --- [adaptive-rate-limiter] [http-nio-8080-exec-10] c.r.a.filter.AuthenticationFilter        : Auth | AUTHENTICATED | key=test-client-123 | tier=FREE
2026-05-08T17:58:50.865+05:30  WARN 11824 --- [adaptive-rate-limiter] [http-nio-8080-exec-10] c.r.a.risk.CompositeRiskScorer           : HIGH RISK | client=client:test-client-123 | RiskScore{score=0.91, burst=0.85, errorRate=1.00, reason='High error rate (100% of error threshold)'}
2026-05-08T17:58:50.865+05:30  INFO 11824 --- [adaptive-rate-limiter] [http-nio-8080-exec-10] c.r.a.filter.RateLimitFilter             : Adaptive throttle | client=client:test-client-123 | base=60 | effective=6 | reason=High error rate (100% of error threshold)
2026-05-08T17:58:50.867+05:30 DEBUG 11824 --- [adaptive-rate-limiter] [http-nio-8080-exec-10] c.r.a.ratelimit.TokenBucketRateLimiter   : Token bucket ALLOWED key=rl:tb:client:test-client-123 remaining=5s
2026-05-08T17:58:50.867+05:30  INFO 11824 --- [adaptive-rate-limiter] [http-nio-8080-exec-10] c.r.a.filter.RateLimitFilter             : RateLimit | client=client:test-client-123 | path=/api/v1/users | allowed=true | remaining=5/6 | riskScore=0.91 | multiplier=0.10
2026-05-08T17:58:50.867+05:30 DEBUG 11824 --- [adaptive-rate-limiter] [http-nio-8080-exec-10] c.r.a.filter.FilterChain                 : Request ALLOWED | path=/api/v1/users | client=0:0:0:0:0:0:0:1
2026-05-08T17:58:50.867+05:30 DEBUG 11824 --- [adaptive-rate-limiter] [http-nio-8080-exec-10] c.r.a.controller.GatewayController       : Forwarding | method=GET | downstreamPath=/v1/users
2026-05-08T17:58:50.873+05:30 ERROR 11824 --- [adaptive-rate-limiter] [http-nio-8080-exec-10] c.r.a.controller.GatewayController       : Downstream error | status=404 NOT_FOUND | body=<!DOCTYPE HTML>
<html lang="en">
    <head>
        <meta charset="utf-8">
        <title>Error response</title>
    </head>
    <body>
        <h1>Error response</h1>
        <p>Error code: 404</p>
        <p>Message: File not found.</p>
        <p>Error code explanation: 404 - Nothing matches the given URI.</p>
    </body>
</html>

2026-05-08T17:58:50.944+05:30  INFO 11824 --- [adaptive-rate-limiter] [http-nio-8080-exec-1] c.r.a.controller.GatewayController       : Incoming | method=GET | path=/api/v1/users | ip=0:0:0:0:0:0:0:1
2026-05-08T17:58:50.944+05:30 DEBUG 11824 --- [adaptive-rate-limiter] [http-nio-8080-exec-1] c.r.a.filter.AuthenticationFilter        : Auth | AUTHENTICATED | key=test-client-123 | tier=FREE
2026-05-08T17:58:50.950+05:30  WARN 11824 --- [adaptive-rate-limiter] [http-nio-8080-exec-1] c.r.a.risk.CompositeRiskScorer           : HIGH RISK | client=client:test-client-123 | RiskScore{score=0.94, burst=0.90, errorRate=1.00, reason='High error rate (100% of error threshold)'}
2026-05-08T17:58:50.950+05:30  INFO 11824 --- [adaptive-rate-limiter] [http-nio-8080-exec-1] c.r.a.filter.RateLimitFilter             : Adaptive throttle | client=client:test-client-123 | base=60 | effective=6 | reason=High error rate (100% of error threshold)
2026-05-08T17:58:50.951+05:30 DEBUG 11824 --- [adaptive-rate-limiter] [http-nio-8080-exec-1] c.r.a.ratelimit.TokenBucketRateLimiter   : Token bucket ALLOWED key=rl:tb:client:test-client-123 remaining=4s
2026-05-08T17:58:50.951+05:30  INFO 11824 --- [adaptive-rate-limiter] [http-nio-8080-exec-1] c.r.a.filter.RateLimitFilter             : RateLimit | client=client:test-client-123 | path=/api/v1/users | allowed=true | remaining=4/6 | riskScore=0.94 | multiplier=0.10
2026-05-08T17:58:50.951+05:30 DEBUG 11824 --- [adaptive-rate-limiter] [http-nio-8080-exec-1] c.r.a.filter.FilterChain                 : Request ALLOWED | path=/api/v1/users | client=0:0:0:0:0:0:0:1
2026-05-08T17:58:50.951+05:30 DEBUG 11824 --- [adaptive-rate-limiter] [http-nio-8080-exec-1] c.r.a.controller.GatewayController       : Forwarding | method=GET | downstreamPath=/v1/users
2026-05-08T17:58:50.957+05:30 ERROR 11824 --- [adaptive-rate-limiter] [http-nio-8080-exec-1] c.r.a.controller.GatewayController       : Downstream error | status=404 NOT_FOUND | body=<!DOCTYPE HTML>
<html lang="en">
    <head>
        <meta charset="utf-8">
        <title>Error response</title>
    </head>
    <body>
        <h1>Error response</h1>
        <p>Error code: 404</p>
        <p>Message: File not found.</p>
        <p>Error code explanation: 404 - Nothing matches the given URI.</p>
    </body>
</html>

2026-05-08T17:58:51.009+05:30  INFO 11824 --- [adaptive-rate-limiter] [http-nio-8080-exec-2] c.r.a.controller.GatewayController       : Incoming | method=GET | path=/api/v1/users | ip=0:0:0:0:0:0:0:1
2026-05-08T17:58:51.009+05:30 DEBUG 11824 --- [adaptive-rate-limiter] [http-nio-8080-exec-2] c.r.a.filter.AuthenticationFilter        : Auth | AUTHENTICATED | key=test-client-123 | tier=FREE
2026-05-08T17:58:51.015+05:30  WARN 11824 --- [adaptive-rate-limiter] [http-nio-8080-exec-2] c.r.a.risk.CompositeRiskScorer           : HIGH RISK | client=client:test-client-123 | RiskScore{score=0.94, burst=0.90, errorRate=1.00, reason='High error rate (100% of error threshold)'}
2026-05-08T17:58:51.015+05:30  INFO 11824 --- [adaptive-rate-limiter] [http-nio-8080-exec-2] c.r.a.filter.RateLimitFilter             : Adaptive throttle | client=client:test-client-123 | base=60 | effective=6 | reason=High error rate (100% of error threshold)
2026-05-08T17:58:51.016+05:30 DEBUG 11824 --- [adaptive-rate-limiter] [http-nio-8080-exec-2] c.r.a.ratelimit.TokenBucketRateLimiter   : Token bucket ALLOWED key=rl:tb:client:test-client-123 remaining=3s
2026-05-08T17:58:51.016+05:30  INFO 11824 --- [adaptive-rate-limiter] [http-nio-8080-exec-2] c.r.a.filter.RateLimitFilter             : RateLimit | client=client:test-client-123 | path=/api/v1/users | allowed=true | remaining=3/6 | riskScore=0.94 | multiplier=0.10
2026-05-08T17:58:51.016+05:30 DEBUG 11824 --- [adaptive-rate-limiter] [http-nio-8080-exec-2] c.r.a.filter.FilterChain                 : Request ALLOWED | path=/api/v1/users | client=0:0:0:0:0:0:0:1
2026-05-08T17:58:51.016+05:30 DEBUG 11824 --- [adaptive-rate-limiter] [http-nio-8080-exec-2] c.r.a.controller.GatewayController       : Forwarding | method=GET | downstreamPath=/v1/users
2026-05-08T17:58:51.021+05:30 ERROR 11824 --- [adaptive-rate-limiter] [http-nio-8080-exec-2] c.r.a.controller.GatewayController       : Downstream error | status=404 NOT_FOUND | body=<!DOCTYPE HTML>
<html lang="en">
    <head>
        <meta charset="utf-8">
        <title>Error response</title>
    </head>
    <body>
        <h1>Error response</h1>
        <p>Error code: 404</p>
        <p>Message: File not found.</p>
        <p>Error code explanation: 404 - Nothing matches the given URI.</p>
    </body>
</html>

2026-05-08T17:58:51.116+05:30  INFO 11824 --- [adaptive-rate-limiter] [http-nio-8080-exec-3] c.r.a.controller.GatewayController       : Incoming | method=GET | path=/api/v1/users | ip=0:0:0:0:0:0:0:1
2026-05-08T17:58:51.116+05:30 DEBUG 11824 --- [adaptive-rate-limiter] [http-nio-8080-exec-3] c.r.a.filter.AuthenticationFilter        : Auth | AUTHENTICATED | key=test-client-123 | tier=FREE
2026-05-08T17:58:51.121+05:30  WARN 11824 --- [adaptive-rate-limiter] [http-nio-8080-exec-3] c.r.a.risk.CompositeRiskScorer           : HIGH RISK | client=client:test-client-123 | RiskScore{score=0.97, burst=0.95, errorRate=1.00, reason='High error rate (100% of error threshold)'}
2026-05-08T17:58:51.121+05:30  INFO 11824 --- [adaptive-rate-limiter] [http-nio-8080-exec-3] c.r.a.filter.RateLimitFilter             : Adaptive throttle | client=client:test-client-123 | base=60 | effective=6 | reason=High error rate (100% of error threshold)
2026-05-08T17:58:51.123+05:30 DEBUG 11824 --- [adaptive-rate-limiter] [http-nio-8080-exec-3] c.r.a.ratelimit.TokenBucketRateLimiter   : Token bucket ALLOWED key=rl:tb:client:test-client-123 remaining=2s
2026-05-08T17:58:51.123+05:30  INFO 11824 --- [adaptive-rate-limiter] [http-nio-8080-exec-3] c.r.a.filter.RateLimitFilter             : RateLimit | client=client:test-client-123 | path=/api/v1/users | allowed=true | remaining=2/6 | riskScore=0.97 | multiplier=0.10
2026-05-08T17:58:51.123+05:30 DEBUG 11824 --- [adaptive-rate-limiter] [http-nio-8080-exec-3] c.r.a.filter.FilterChain                 : Request ALLOWED | path=/api/v1/users | client=0:0:0:0:0:0:0:1
2026-05-08T17:58:51.123+05:30 DEBUG 11824 --- [adaptive-rate-limiter] [http-nio-8080-exec-3] c.r.a.controller.GatewayController       : Forwarding | method=GET | downstreamPath=/v1/users
2026-05-08T17:58:51.128+05:30 ERROR 11824 --- [adaptive-rate-limiter] [http-nio-8080-exec-3] c.r.a.controller.GatewayController       : Downstream error | status=404 NOT_FOUND | body=<!DOCTYPE HTML>
<html lang="en">
    <head>
        <meta charset="utf-8">
        <title>Error response</title>
    </head>
    <body>
        <h1>Error response</h1>
        <p>Error code: 404</p>
        <p>Message: File not found.</p>
        <p>Error code explanation: 404 - Nothing matches the given URI.</p>
    </body>
</html>

2026-05-08T17:58:51.195+05:30  INFO 11824 --- [adaptive-rate-limiter] [http-nio-8080-exec-4] c.r.a.controller.GatewayController       : Incoming | method=GET | path=/api/v1/users | ip=0:0:0:0:0:0:0:1
2026-05-08T17:58:51.195+05:30 DEBUG 11824 --- [adaptive-rate-limiter] [http-nio-8080-exec-4] c.r.a.filter.AuthenticationFilter        : Auth | AUTHENTICATED | key=test-client-123 | tier=FREE
2026-05-08T17:58:51.202+05:30  WARN 11824 --- [adaptive-rate-limiter] [http-nio-8080-exec-4] c.r.a.risk.CompositeRiskScorer           : HIGH RISK | client=client:test-client-123 | RiskScore{score=1.00, burst=1.00, errorRate=1.00, reason='High error rate (100% of error threshold)'}
2026-05-08T17:58:51.202+05:30  INFO 11824 --- [adaptive-rate-limiter] [http-nio-8080-exec-4] c.r.a.filter.RateLimitFilter             : Adaptive throttle | client=client:test-client-123 | base=60 | effective=6 | reason=High error rate (100% of error threshold)
2026-05-08T17:58:51.204+05:30 DEBUG 11824 --- [adaptive-rate-limiter] [http-nio-8080-exec-4] c.r.a.ratelimit.TokenBucketRateLimiter   : Token bucket ALLOWED key=rl:tb:client:test-client-123 remaining=1s
2026-05-08T17:58:51.204+05:30  INFO 11824 --- [adaptive-rate-limiter] [http-nio-8080-exec-4] c.r.a.filter.RateLimitFilter             : RateLimit | client=client:test-client-123 | path=/api/v1/users | allowed=true | remaining=1/6 | riskScore=1.00 | multiplier=0.10
2026-05-08T17:58:51.204+05:30 DEBUG 11824 --- [adaptive-rate-limiter] [http-nio-8080-exec-4] c.r.a.filter.FilterChain                 : Request ALLOWED | path=/api/v1/users | client=0:0:0:0:0:0:0:1
2026-05-08T17:58:51.204+05:30 DEBUG 11824 --- [adaptive-rate-limiter] [http-nio-8080-exec-4] c.r.a.controller.GatewayController       : Forwarding | method=GET | downstreamPath=/v1/users
2026-05-08T17:58:51.214+05:30 ERROR 11824 --- [adaptive-rate-limiter] [http-nio-8080-exec-4] c.r.a.controller.GatewayController       : Downstream error | status=404 NOT_FOUND | body=<!DOCTYPE HTML>
<html lang="en">
    <head>
        <meta charset="utf-8">
        <title>Error response</title>
    </head>
    <body>
        <h1>Error response</h1>
        <p>Error code: 404</p>
        <p>Message: File not found.</p>
        <p>Error code explanation: 404 - Nothing matches the given URI.</p>
    </body>
</html>

2026-05-08T17:58:51.287+05:30  INFO 11824 --- [adaptive-rate-limiter] [http-nio-8080-exec-5] c.r.a.controller.GatewayController       : Incoming | method=GET | path=/api/v1/users | ip=0:0:0:0:0:0:0:1
2026-05-08T17:58:51.287+05:30 DEBUG 11824 --- [adaptive-rate-limiter] [http-nio-8080-exec-5] c.r.a.filter.AuthenticationFilter        : Auth | AUTHENTICATED | key=test-client-123 | tier=FREE
2026-05-08T17:58:51.295+05:30  WARN 11824 --- [adaptive-rate-limiter] [http-nio-8080-exec-5] c.r.a.risk.CompositeRiskScorer           : HIGH RISK | client=client:test-client-123 | RiskScore{score=1.00, burst=1.00, errorRate=1.00, reason='High error rate (100% of error threshold)'}
2026-05-08T17:58:51.295+05:30  INFO 11824 --- [adaptive-rate-limiter] [http-nio-8080-exec-5] c.r.a.filter.RateLimitFilter             : Adaptive throttle | client=client:test-client-123 | base=60 | effective=6 | reason=High error rate (100% of error threshold)
2026-05-08T17:58:51.297+05:30 DEBUG 11824 --- [adaptive-rate-limiter] [http-nio-8080-exec-5] c.r.a.ratelimit.TokenBucketRateLimiter   : Token bucket ALLOWED key=rl:tb:client:test-client-123 remaining=0s
2026-05-08T17:58:51.298+05:30  INFO 11824 --- [adaptive-rate-limiter] [http-nio-8080-exec-5] c.r.a.filter.RateLimitFilter             : RateLimit | client=client:test-client-123 | path=/api/v1/users | allowed=true | remaining=0/6 | riskScore=1.00 | multiplier=0.10
2026-05-08T17:58:51.298+05:30 DEBUG 11824 --- [adaptive-rate-limiter] [http-nio-8080-exec-5] c.r.a.filter.FilterChain                 : Request ALLOWED | path=/api/v1/users | client=0:0:0:0:0:0:0:1
2026-05-08T17:58:51.298+05:30 DEBUG 11824 --- [adaptive-rate-limiter] [http-nio-8080-exec-5] c.r.a.controller.GatewayController       : Forwarding | method=GET | downstreamPath=/v1/users
2026-05-08T17:58:51.309+05:30 ERROR 11824 --- [adaptive-rate-limiter] [http-nio-8080-exec-5] c.r.a.controller.GatewayController       : Downstream error | status=404 NOT_FOUND | body=<!DOCTYPE HTML>
<html lang="en">
    <head>
        <meta charset="utf-8">
        <title>Error response</title>
    </head>
    <body>
        <h1>Error response</h1>
        <p>Error code: 404</p>
        <p>Message: File not found.</p>
        <p>Error code explanation: 404 - Nothing matches the given URI.</p>
    </body>
</html>

2026-05-08T17:58:51.390+05:30  INFO 11824 --- [adaptive-rate-limiter] [http-nio-8080-exec-6] c.r.a.controller.GatewayController       : Incoming | method=GET | path=/api/v1/users | ip=0:0:0:0:0:0:0:1
2026-05-08T17:58:51.390+05:30 DEBUG 11824 --- [adaptive-rate-limiter] [http-nio-8080-exec-6] c.r.a.filter.AuthenticationFilter        : Auth | AUTHENTICATED | key=test-client-123 | tier=FREE
2026-05-08T17:58:51.396+05:30  WARN 11824 --- [adaptive-rate-limiter] [http-nio-8080-exec-6] c.r.a.risk.CompositeRiskScorer           : HIGH RISK | client=client:test-client-123 | RiskScore{score=1.00, burst=1.00, errorRate=1.00, reason='High error rate (100% of error threshold)'}
2026-05-08T17:58:51.396+05:30  INFO 11824 --- [adaptive-rate-limiter] [http-nio-8080-exec-6] c.r.a.filter.RateLimitFilter             : Adaptive throttle | client=client:test-client-123 | base=60 | effective=6 | reason=High error rate (100% of error threshold)
2026-05-08T17:58:51.397+05:30 DEBUG 11824 --- [adaptive-rate-limiter] [http-nio-8080-exec-6] c.r.a.ratelimit.TokenBucketRateLimiter   : Token bucket DENIED key=rl:tb:client:test-client-123 remaining=10s
2026-05-08T17:58:51.397+05:30  INFO 11824 --- [adaptive-rate-limiter] [http-nio-8080-exec-6] c.r.a.filter.RateLimitFilter             : RateLimit | client=client:test-client-123 | path=/api/v1/users | allowed=false | remaining=0/6 | riskScore=1.00 | multiplier=0.10
2026-05-08T17:58:51.397+05:30  INFO 11824 --- [adaptive-rate-limiter] [http-nio-8080-exec-6] c.r.a.filter.FilterChain                 : Request BLOCKED | filter=RateLimitFilter | path=/api/v1/users | client=0:0:0:0:0:0:0:1 | reason=Rate Limit exceeded. Too many requests.
2026-05-08T17:58:51.458+05:30  INFO 11824 --- [adaptive-rate-limiter] [http-nio-8080-exec-7] c.r.a.controller.GatewayController       : Incoming | method=GET | path=/api/v1/users | ip=0:0:0:0:0:0:0:1
2026-05-08T17:58:51.458+05:30 DEBUG 11824 --- [adaptive-rate-limiter] [http-nio-8080-exec-7] c.r.a.filter.AuthenticationFilter        : Auth | AUTHENTICATED | key=test-client-123 | tier=FREE
2026-05-08T17:58:51.464+05:30  WARN 11824 --- [adaptive-rate-limiter] [http-nio-8080-exec-7] c.r.a.risk.CompositeRiskScorer           : HIGH RISK | client=client:test-client-123 | RiskScore{score=1.00, burst=1.00, errorRate=1.00, reason='High error rate (100% of error threshold)'}
2026-05-08T17:58:51.464+05:30  INFO 11824 --- [adaptive-rate-limiter] [http-nio-8080-exec-7] c.r.a.filter.RateLimitFilter             : Adaptive throttle | client=client:test-client-123 | base=60 | effective=6 | reason=High error rate (100% of error threshold)
2026-05-08T17:58:51.466+05:30 DEBUG 11824 --- [adaptive-rate-limiter] [http-nio-8080-exec-7] c.r.a.ratelimit.TokenBucketRateLimiter   : Token bucket DENIED key=rl:tb:client:test-client-123 remaining=10s
2026-05-08T17:58:51.466+05:30  INFO 11824 --- [adaptive-rate-limiter] [http-nio-8080-exec-7] c.r.a.filter.RateLimitFilter             : RateLimit | client=client:test-client-123 | path=/api/v1/users | allowed=false | remaining=0/6 | riskScore=1.00 | multiplier=0.10
2026-05-08T17:58:51.466+05:30  INFO 11824 --- [adaptive-rate-limiter] [http-nio-8080-exec-7] c.r.a.filter.FilterChain                 : Request BLOCKED | filter=RateLimitFilter | path=/api/v1/users | client=0:0:0:0:0:0:0:1 | reason=Rate Limit exceeded. Too many requests.
2026-05-08T17:58:51.513+05:30  INFO 11824 --- [adaptive-rate-limiter] [http-nio-8080-exec-8] c.r.a.controller.GatewayController       : Incoming | method=GET | path=/api/v1/users | ip=0:0:0:0:0:0:0:1
2026-05-08T17:58:51.513+05:30 DEBUG 11824 --- [adaptive-rate-limiter] [http-nio-8080-exec-8] c.r.a.filter.AuthenticationFilter        : Auth | AUTHENTICATED | key=test-client-123 | tier=FREE
2026-05-08T17:58:51.518+05:30  WARN 11824 --- [adaptive-rate-limiter] [http-nio-8080-exec-8] c.r.a.risk.CompositeRiskScorer           : HIGH RISK | client=client:test-client-123 | RiskScore{score=1.00, burst=1.00, errorRate=1.00, reason='High error rate (100% of error threshold)'}
2026-05-08T17:58:51.518+05:30  INFO 11824 --- [adaptive-rate-limiter] [http-nio-8080-exec-8] c.r.a.filter.RateLimitFilter             : Adaptive throttle | client=client:test-client-123 | base=60 | effective=6 | reason=High error rate (100% of error threshold)
2026-05-08T17:58:51.520+05:30 DEBUG 11824 --- [adaptive-rate-limiter] [http-nio-8080-exec-8] c.r.a.ratelimit.TokenBucketRateLimiter   : Token bucket DENIED key=rl:tb:client:test-client-123 remaining=10s
2026-05-08T17:58:51.520+05:30  INFO 11824 --- [adaptive-rate-limiter] [http-nio-8080-exec-8] c.r.a.filter.RateLimitFilter             : RateLimit | client=client:test-client-123 | path=/api/v1/users | allowed=false | remaining=0/6 | riskScore=1.00 | multiplier=0.10
2026-05-08T17:58:51.520+05:30  INFO 11824 --- [adaptive-rate-limiter] [http-nio-8080-exec-8] c.r.a.filter.FilterChain                 : Request BLOCKED | filter=RateLimitFilter | path=/api/v1/users | client=0:0:0:0:0:0:0:1 | reason=Rate Limit exceeded. Too many requests.
2026-05-08T17:58:51.569+05:30  INFO 11824 --- [adaptive-rate-limiter] [http-nio-8080-exec-9] c.r.a.controller.GatewayController       : Incoming | method=GET | path=/api/v1/users | ip=0:0:0:0:0:0:0:1
2026-05-08T17:58:51.569+05:30 DEBUG 11824 --- [adaptive-rate-limiter] [http-nio-8080-exec-9] c.r.a.filter.AuthenticationFilter        : Auth | AUTHENTICATED | key=test-client-123 | tier=FREE
2026-05-08T17:58:51.574+05:30  WARN 11824 --- [adaptive-rate-limiter] [http-nio-8080-exec-9] c.r.a.risk.CompositeRiskScorer           : HIGH RISK | client=client:test-client-123 | RiskScore{score=1.00, burst=1.00, errorRate=1.00, reason='High error rate (100% of error threshold)'}
2026-05-08T17:58:51.574+05:30  INFO 11824 --- [adaptive-rate-limiter] [http-nio-8080-exec-9] c.r.a.filter.RateLimitFilter             : Adaptive throttle | client=client:test-client-123 | base=60 | effective=6 | reason=High error rate (100% of error threshold)
2026-05-08T17:58:51.576+05:30 DEBUG 11824 --- [adaptive-rate-limiter] [http-nio-8080-exec-9] c.r.a.ratelimit.TokenBucketRateLimiter   : Token bucket DENIED key=rl:tb:client:test-client-123 remaining=10s
2026-05-08T17:58:51.576+05:30  INFO 11824 --- [adaptive-rate-limiter] [http-nio-8080-exec-9] c.r.a.filter.RateLimitFilter             : RateLimit | client=client:test-client-123 | path=/api/v1/users | allowed=false | remaining=0/6 | riskScore=1.00 | multiplier=0.10
2026-05-08T17:58:51.576+05:30  INFO 11824 --- [adaptive-rate-limiter] [http-nio-8080-exec-9] c.r.a.filter.FilterChain                 : Request BLOCKED | filter=RateLimitFilter | path=/api/v1/users | client=0:0:0:0:0:0:0:1 | reason=Rate Limit exceeded. Too many requests.
2026-05-08T22:46:26.107+05:30  INFO 11824 --- [adaptive-rate-limiter] [SpringApplicationShutdownHook] o.s.b.w.e.tomcat.GracefulShutdown        : Commencing graceful shutdown. Waiting for active requests to complete
2026-05-08T22:46:26.185+05:30  INFO 11824 --- [adaptive-rate-limiter] [tomcat-shutdown] o.s.b.w.e.tomcat.GracefulShutdown        : Graceful shutdown complete
2026-05-08T22:46:26.202+05:30  INFO 11824 --- [adaptive-rate-limiter] [SpringApplicationShutdownHook] o.s.b.w.e.tomcat.GracefulShutdown        : Commencing graceful shutdown. Waiting for active requests to complete
2026-05-08T22:46:26.271+05:30  INFO 11824 --- [adaptive-rate-limiter] [tomcat-shutdown] o.s.b.w.e.tomcat.GracefulShutdown        : Graceful shutdown complete
2026-05-08T22:47:02.562+05:30  INFO 11004 --- [adaptive-rate-limiter] [main] c.r.a.AdaptiveRateLimiterApplication     : Starting AdaptiveRateLimiterApplication using Java 17.0.12 with PID 11004 (C:\Users\Harsh Kumar\Downloads\adaptive-rate-limiter\target\classes started by Harsh Kumar in C:\Users\Harsh Kumar\Downloads\adaptive-rate-limiter)
2026-05-08T22:47:02.570+05:30 DEBUG 11004 --- [adaptive-rate-limiter] [main] c.r.a.AdaptiveRateLimiterApplication     : Running with Spring Boot v3.3.5, Spring v6.1.14
2026-05-08T22:47:02.581+05:30  INFO 11004 --- [adaptive-rate-limiter] [main] c.r.a.AdaptiveRateLimiterApplication     : No active profile set, falling back to 1 default profile: "default"
2026-05-08T22:47:04.773+05:30  INFO 11004 --- [adaptive-rate-limiter] [main] .s.d.r.c.RepositoryConfigurationDelegate : Multiple Spring Data modules found, entering strict repository configuration mode
2026-05-08T22:47:04.779+05:30  INFO 11004 --- [adaptive-rate-limiter] [main] .s.d.r.c.RepositoryConfigurationDelegate : Bootstrapping Spring Data Redis repositories in DEFAULT mode.
2026-05-08T22:47:04.859+05:30  INFO 11004 --- [adaptive-rate-limiter] [main] .s.d.r.c.RepositoryConfigurationDelegate : Finished Spring Data repository scanning in 49 ms. Found 0 Redis repository interfaces.
2026-05-08T22:47:06.128+05:30  INFO 11004 --- [adaptive-rate-limiter] [main] o.s.b.w.embedded.tomcat.TomcatWebServer  : Tomcat initialized with port 8080 (http)
2026-05-08T22:47:06.160+05:30  INFO 11004 --- [adaptive-rate-limiter] [main] o.apache.catalina.core.StandardService   : Starting service [Tomcat]
2026-05-08T22:47:06.160+05:30  INFO 11004 --- [adaptive-rate-limiter] [main] o.apache.catalina.core.StandardEngine    : Starting Servlet engine: [Apache Tomcat/10.1.31]
2026-05-08T22:47:06.344+05:30  INFO 11004 --- [adaptive-rate-limiter] [main] o.a.c.c.C.[Tomcat].[localhost].[/]       : Initializing Spring embedded WebApplicationContext
2026-05-08T22:47:06.344+05:30  INFO 11004 --- [adaptive-rate-limiter] [main] w.s.c.ServletWebServerApplicationContext : Root WebApplicationContext: initialization completed in 3660 ms
2026-05-08T22:47:09.553+05:30  INFO 11004 --- [adaptive-rate-limiter] [main] o.s.b.w.embedded.tomcat.TomcatWebServer  : Tomcat started on port 8080 (http) with context path '/'
2026-05-08T22:47:09.702+05:30  INFO 11004 --- [adaptive-rate-limiter] [main] o.s.b.w.embedded.tomcat.TomcatWebServer  : Tomcat initialized with port 8081 (http)
2026-05-08T22:47:09.702+05:30  INFO 11004 --- [adaptive-rate-limiter] [main] o.apache.catalina.core.StandardService   : Starting service [Tomcat]
2026-05-08T22:47:09.707+05:30  INFO 11004 --- [adaptive-rate-limiter] [main] o.apache.catalina.core.StandardEngine    : Starting Servlet engine: [Apache Tomcat/10.1.31]
2026-05-08T22:47:09.778+05:30  INFO 11004 --- [adaptive-rate-limiter] [main] o.a.c.c.C.[Tomcat-1].[localhost].[/]     : Initializing Spring embedded WebApplicationContext
2026-05-08T22:47:09.778+05:30  INFO 11004 --- [adaptive-rate-limiter] [main] w.s.c.ServletWebServerApplicationContext : Root WebApplicationContext: initialization completed in 216 ms
2026-05-08T22:47:09.809+05:30  INFO 11004 --- [adaptive-rate-limiter] [main] o.s.b.a.e.web.EndpointLinksResolver      : Exposing 3 endpoints beneath base path '/actuator'
2026-05-08T22:47:09.889+05:30  INFO 11004 --- [adaptive-rate-limiter] [main] o.s.b.w.embedded.tomcat.TomcatWebServer  : Tomcat started on port 8081 (http) with context path '/'
2026-05-08T22:47:09.940+05:30  INFO 11004 --- [adaptive-rate-limiter] [main] c.r.a.AdaptiveRateLimiterApplication     : Started AdaptiveRateLimiterApplication in 8.236 seconds (process running for 9.079)
2026-05-08T22:47:48.405+05:30  INFO 11004 --- [adaptive-rate-limiter] [http-nio-8080-exec-2] o.a.c.c.C.[Tomcat].[localhost].[/]       : Initializing Spring DispatcherServlet 'dispatcherServlet'
2026-05-08T22:47:48.405+05:30  INFO 11004 --- [adaptive-rate-limiter] [http-nio-8080-exec-2] o.s.web.servlet.DispatcherServlet        : Initializing Servlet 'dispatcherServlet'
2026-05-08T22:47:48.411+05:30  INFO 11004 --- [adaptive-rate-limiter] [http-nio-8080-exec-2] o.s.web.servlet.DispatcherServlet        : Completed initialization in 6 ms
2026-05-08T22:47:48.486+05:30  INFO 11004 --- [adaptive-rate-limiter] [http-nio-8080-exec-2] c.r.a.controller.GatewayController       : Incoming | method=GET | path=/api/v1/users | ip=0:0:0:0:0:0:0:1
2026-05-08T22:47:48.486+05:30 DEBUG 11004 --- [adaptive-rate-limiter] [http-nio-8080-exec-2] c.r.a.filter.AuthenticationFilter        : Auth | AUTHENTICATED | key=test-client-123 | tier=FREE
2026-05-08T22:47:48.639+05:30 DEBUG 11004 --- [adaptive-rate-limiter] [http-nio-8080-exec-2] c.r.a.ratelimit.TokenBucketRateLimiter   : Token bucket ALLOWED key=rl:tb:client:test-client-123 remaining=67s
2026-05-08T22:47:48.644+05:30  INFO 11004 --- [adaptive-rate-limiter] [http-nio-8080-exec-2] c.r.a.filter.RateLimitFilter             : RateLimit | client=client:test-client-123 | path=/api/v1/users | allowed=true | remaining=67/68 | riskScore=0.03 | multiplier=0.97
2026-05-08T22:47:48.644+05:30 DEBUG 11004 --- [adaptive-rate-limiter] [http-nio-8080-exec-2] c.r.a.filter.FilterChain                 : Request ALLOWED | path=/api/v1/users | client=0:0:0:0:0:0:0:1
2026-05-08T22:47:48.645+05:30 DEBUG 11004 --- [adaptive-rate-limiter] [http-nio-8080-exec-2] c.r.a.controller.GatewayController       : Forwarding | method=GET | downstreamPath=/v1/users
2026-05-08T22:47:48.953+05:30 ERROR 11004 --- [adaptive-rate-limiter] [http-nio-8080-exec-2] c.r.a.controller.GatewayController       : Failed to forward request: Connection refused: no further information: localhost/127.0.0.1:9090
2026-05-08T22:47:49.107+05:30  INFO 11004 --- [adaptive-rate-limiter] [http-nio-8080-exec-3] c.r.a.controller.GatewayController       : Incoming | method=GET | path=/api/v1/users | ip=0:0:0:0:0:0:0:1
2026-05-08T22:47:49.107+05:30 DEBUG 11004 --- [adaptive-rate-limiter] [http-nio-8080-exec-3] c.r.a.filter.AuthenticationFilter        : Auth | AUTHENTICATED | key=test-client-123 | tier=FREE
2026-05-08T22:47:49.141+05:30 DEBUG 11004 --- [adaptive-rate-limiter] [http-nio-8080-exec-3] c.r.a.ratelimit.TokenBucketRateLimiter   : Token bucket ALLOWED key=rl:tb:client:test-client-123 remaining=63s
2026-05-08T22:47:49.142+05:30  INFO 11004 --- [adaptive-rate-limiter] [http-nio-8080-exec-3] c.r.a.filter.RateLimitFilter             : RateLimit | client=client:test-client-123 | path=/api/v1/users | allowed=true | remaining=63/64 | riskScore=0.10 | multiplier=0.90
2026-05-08T22:47:49.143+05:30 DEBUG 11004 --- [adaptive-rate-limiter] [http-nio-8080-exec-3] c.r.a.filter.FilterChain                 : Request ALLOWED | path=/api/v1/users | client=0:0:0:0:0:0:0:1
2026-05-08T22:47:49.143+05:30 DEBUG 11004 --- [adaptive-rate-limiter] [http-nio-8080-exec-3] c.r.a.controller.GatewayController       : Forwarding | method=GET | downstreamPath=/v1/users
2026-05-08T22:47:49.154+05:30 ERROR 11004 --- [adaptive-rate-limiter] [http-nio-8080-exec-3] c.r.a.controller.GatewayController       : Failed to forward request: Connection refused: no further information: localhost/127.0.0.1:9090
2026-05-08T22:47:49.220+05:30  INFO 11004 --- [adaptive-rate-limiter] [http-nio-8080-exec-4] c.r.a.controller.GatewayController       : Incoming | method=GET | path=/api/v1/users | ip=0:0:0:0:0:0:0:1
2026-05-08T22:47:49.220+05:30 DEBUG 11004 --- [adaptive-rate-limiter] [http-nio-8080-exec-4] c.r.a.filter.AuthenticationFilter        : Auth | AUTHENTICATED | key=test-client-123 | tier=FREE
2026-05-08T22:47:49.249+05:30 DEBUG 11004 --- [adaptive-rate-limiter] [http-nio-8080-exec-4] c.r.a.ratelimit.TokenBucketRateLimiter   : Token bucket ALLOWED key=rl:tb:client:test-client-123 remaining=58s
2026-05-08T22:47:49.250+05:30  INFO 11004 --- [adaptive-rate-limiter] [http-nio-8080-exec-4] c.r.a.filter.RateLimitFilter             : RateLimit | client=client:test-client-123 | path=/api/v1/users | allowed=true | remaining=58/59 | riskScore=0.17 | multiplier=0.83
2026-05-08T22:47:49.250+05:30 DEBUG 11004 --- [adaptive-rate-limiter] [http-nio-8080-exec-4] c.r.a.filter.FilterChain                 : Request ALLOWED | path=/api/v1/users | client=0:0:0:0:0:0:0:1
2026-05-08T22:47:49.250+05:30 DEBUG 11004 --- [adaptive-rate-limiter] [http-nio-8080-exec-4] c.r.a.controller.GatewayController       : Forwarding | method=GET | downstreamPath=/v1/users
2026-05-08T22:47:49.262+05:30 ERROR 11004 --- [adaptive-rate-limiter] [http-nio-8080-exec-4] c.r.a.controller.GatewayController       : Failed to forward request: Connection refused: no further information: localhost/127.0.0.1:9090
2026-05-08T22:47:49.329+05:30  INFO 11004 --- [adaptive-rate-limiter] [http-nio-8080-exec-5] c.r.a.controller.GatewayController       : Incoming | method=GET | path=/api/v1/users | ip=0:0:0:0:0:0:0:1
2026-05-08T22:47:49.329+05:30 DEBUG 11004 --- [adaptive-rate-limiter] [http-nio-8080-exec-5] c.r.a.filter.AuthenticationFilter        : Auth | AUTHENTICATED | key=test-client-123 | tier=FREE
2026-05-08T22:47:49.358+05:30 DEBUG 11004 --- [adaptive-rate-limiter] [http-nio-8080-exec-5] c.r.a.ratelimit.TokenBucketRateLimiter   : Token bucket ALLOWED key=rl:tb:client:test-client-123 remaining=54s
2026-05-08T22:47:49.359+05:30  INFO 11004 --- [adaptive-rate-limiter] [http-nio-8080-exec-5] c.r.a.filter.RateLimitFilter             : RateLimit | client=client:test-client-123 | path=/api/v1/users | allowed=true | remaining=54/55 | riskScore=0.24 | multiplier=0.76
2026-05-08T22:47:49.359+05:30 DEBUG 11004 --- [adaptive-rate-limiter] [http-nio-8080-exec-5] c.r.a.filter.FilterChain                 : Request ALLOWED | path=/api/v1/users | client=0:0:0:0:0:0:0:1
2026-05-08T22:47:49.360+05:30 DEBUG 11004 --- [adaptive-rate-limiter] [http-nio-8080-exec-5] c.r.a.controller.GatewayController       : Forwarding | method=GET | downstreamPath=/v1/users
2026-05-08T22:47:49.375+05:30 ERROR 11004 --- [adaptive-rate-limiter] [http-nio-8080-exec-5] c.r.a.controller.GatewayController       : Failed to forward request: Connection refused: no further information: localhost/127.0.0.1:9090
2026-05-08T22:47:49.446+05:30  INFO 11004 --- [adaptive-rate-limiter] [http-nio-8080-exec-7] c.r.a.controller.GatewayController       : Incoming | method=GET | path=/api/v1/users | ip=0:0:0:0:0:0:0:1
2026-05-08T22:47:49.446+05:30 DEBUG 11004 --- [adaptive-rate-limiter] [http-nio-8080-exec-7] c.r.a.filter.AuthenticationFilter        : Auth | AUTHENTICATED | key=test-client-123 | tier=FREE
2026-05-08T22:47:49.479+05:30 DEBUG 11004 --- [adaptive-rate-limiter] [http-nio-8080-exec-7] c.r.a.ratelimit.TokenBucketRateLimiter   : Token bucket ALLOWED key=rl:tb:client:test-client-123 remaining=50s
2026-05-08T22:47:49.480+05:30  INFO 11004 --- [adaptive-rate-limiter] [http-nio-8080-exec-7] c.r.a.filter.RateLimitFilter             : RateLimit | client=client:test-client-123 | path=/api/v1/users | allowed=true | remaining=50/51 | riskScore=0.31 | multiplier=0.69
2026-05-08T22:47:49.481+05:30 DEBUG 11004 --- [adaptive-rate-limiter] [http-nio-8080-exec-7] c.r.a.filter.FilterChain                 : Request ALLOWED | path=/api/v1/users | client=0:0:0:0:0:0:0:1
2026-05-08T22:47:49.482+05:30 DEBUG 11004 --- [adaptive-rate-limiter] [http-nio-8080-exec-7] c.r.a.controller.GatewayController       : Forwarding | method=GET | downstreamPath=/v1/users
2026-05-08T22:47:49.498+05:30 ERROR 11004 --- [adaptive-rate-limiter] [http-nio-8080-exec-7] c.r.a.controller.GatewayController       : Failed to forward request: Connection refused: no further information: localhost/127.0.0.1:9090
2026-05-08T22:47:49.568+05:30  INFO 11004 --- [adaptive-rate-limiter] [http-nio-8080-exec-6] c.r.a.controller.GatewayController       : Incoming | method=GET | path=/api/v1/users | ip=0:0:0:0:0:0:0:1
2026-05-08T22:47:49.574+05:30 DEBUG 11004 --- [adaptive-rate-limiter] [http-nio-8080-exec-6] c.r.a.filter.AuthenticationFilter        : Auth | AUTHENTICATED | key=test-client-123 | tier=FREE
2026-05-08T22:47:49.607+05:30 DEBUG 11004 --- [adaptive-rate-limiter] [http-nio-8080-exec-6] c.r.a.ratelimit.TokenBucketRateLimiter   : Token bucket ALLOWED key=rl:tb:client:test-client-123 remaining=46s
2026-05-08T22:47:49.608+05:30  INFO 11004 --- [adaptive-rate-limiter] [http-nio-8080-exec-6] c.r.a.filter.RateLimitFilter             : RateLimit | client=client:test-client-123 | path=/api/v1/users | allowed=true | remaining=46/47 | riskScore=0.38 | multiplier=0.62
2026-05-08T22:47:49.611+05:30 DEBUG 11004 --- [adaptive-rate-limiter] [http-nio-8080-exec-6] c.r.a.filter.FilterChain                 : Request ALLOWED | path=/api/v1/users | client=0:0:0:0:0:0:0:1
2026-05-08T22:47:49.613+05:30 DEBUG 11004 --- [adaptive-rate-limiter] [http-nio-8080-exec-6] c.r.a.controller.GatewayController       : Forwarding | method=GET | downstreamPath=/v1/users
2026-05-08T22:47:49.631+05:30 ERROR 11004 --- [adaptive-rate-limiter] [http-nio-8080-exec-6] c.r.a.controller.GatewayController       : Failed to forward request: Connection refused: no further information: localhost/127.0.0.1:9090
2026-05-08T22:47:49.702+05:30  INFO 11004 --- [adaptive-rate-limiter] [http-nio-8080-exec-8] c.r.a.controller.GatewayController       : Incoming | method=GET | path=/api/v1/users | ip=0:0:0:0:0:0:0:1
2026-05-08T22:47:49.702+05:30 DEBUG 11004 --- [adaptive-rate-limiter] [http-nio-8080-exec-8] c.r.a.filter.AuthenticationFilter        : Auth | AUTHENTICATED | key=test-client-123 | tier=FREE
2026-05-08T22:47:49.724+05:30  INFO 11004 --- [adaptive-rate-limiter] [http-nio-8080-exec-8] c.r.a.risk.CompositeRiskScorer           : MEDIUM RISK | client=client:test-client-123 | RiskScore{score=0.45, burst=0.35, errorRate=0.60, reason='High error rate (60% of error threshold)'}
2026-05-08T22:47:49.726+05:30  INFO 11004 --- [adaptive-rate-limiter] [http-nio-8080-exec-8] c.r.a.filter.RateLimitFilter             : Adaptive throttle | client=client:test-client-123 | base=60 | effective=33 | reason=High error rate (60% of error threshold)
2026-05-08T22:47:49.730+05:30 DEBUG 11004 --- [adaptive-rate-limiter] [http-nio-8080-exec-8] c.r.a.ratelimit.TokenBucketRateLimiter   : Token bucket ALLOWED key=rl:tb:client:test-client-123 remaining=42s
2026-05-08T22:47:49.731+05:30  INFO 11004 --- [adaptive-rate-limiter] [http-nio-8080-exec-8] c.r.a.filter.RateLimitFilter             : RateLimit | client=client:test-client-123 | path=/api/v1/users | allowed=true | remaining=42/43 | riskScore=0.45 | multiplier=0.55
2026-05-08T22:47:49.733+05:30 DEBUG 11004 --- [adaptive-rate-limiter] [http-nio-8080-exec-8] c.r.a.filter.FilterChain                 : Request ALLOWED | path=/api/v1/users | client=0:0:0:0:0:0:0:1
2026-05-08T22:47:49.734+05:30 DEBUG 11004 --- [adaptive-rate-limiter] [http-nio-8080-exec-8] c.r.a.controller.GatewayController       : Forwarding | method=GET | downstreamPath=/v1/users
2026-05-08T22:47:49.755+05:30 ERROR 11004 --- [adaptive-rate-limiter] [http-nio-8080-exec-8] c.r.a.controller.GatewayController       : Failed to forward request: Connection refused: no further information: localhost/127.0.0.1:9090
2026-05-08T22:47:49.835+05:30  INFO 11004 --- [adaptive-rate-limiter] [http-nio-8080-exec-9] c.r.a.controller.GatewayController       : Incoming | method=GET | path=/api/v1/users | ip=0:0:0:0:0:0:0:1
2026-05-08T22:47:49.835+05:30 DEBUG 11004 --- [adaptive-rate-limiter] [http-nio-8080-exec-9] c.r.a.filter.AuthenticationFilter        : Auth | AUTHENTICATED | key=test-client-123 | tier=FREE
2026-05-08T22:47:49.854+05:30  INFO 11004 --- [adaptive-rate-limiter] [http-nio-8080-exec-9] c.r.a.risk.CompositeRiskScorer           : MEDIUM RISK | client=client:test-client-123 | RiskScore{score=0.52, burst=0.40, errorRate=0.70, reason='High error rate (70% of error threshold)'}
2026-05-08T22:47:49.855+05:30  INFO 11004 --- [adaptive-rate-limiter] [http-nio-8080-exec-9] c.r.a.filter.RateLimitFilter             : Adaptive throttle | client=client:test-client-123 | base=60 | effective=28 | reason=High error rate (70% of error threshold)
2026-05-08T22:47:49.860+05:30 DEBUG 11004 --- [adaptive-rate-limiter] [http-nio-8080-exec-9] c.r.a.ratelimit.TokenBucketRateLimiter   : Token bucket ALLOWED key=rl:tb:client:test-client-123 remaining=37s
2026-05-08T22:47:49.861+05:30  INFO 11004 --- [adaptive-rate-limiter] [http-nio-8080-exec-9] c.r.a.filter.RateLimitFilter             : RateLimit | client=client:test-client-123 | path=/api/v1/users | allowed=true | remaining=37/38 | riskScore=0.52 | multiplier=0.48
2026-05-08T22:47:49.861+05:30 DEBUG 11004 --- [adaptive-rate-limiter] [http-nio-8080-exec-9] c.r.a.filter.FilterChain                 : Request ALLOWED | path=/api/v1/users | client=0:0:0:0:0:0:0:1
2026-05-08T22:47:49.861+05:30 DEBUG 11004 --- [adaptive-rate-limiter] [http-nio-8080-exec-9] c.r.a.controller.GatewayController       : Forwarding | method=GET | downstreamPath=/v1/users
2026-05-08T22:47:49.873+05:30 ERROR 11004 --- [adaptive-rate-limiter] [http-nio-8080-exec-9] c.r.a.controller.GatewayController       : Failed to forward request: Connection refused: no further information: localhost/127.0.0.1:9090
2026-05-08T22:47:49.939+05:30  INFO 11004 --- [adaptive-rate-limiter] [http-nio-8080-exec-10] c.r.a.controller.GatewayController       : Incoming | method=GET | path=/api/v1/users | ip=0:0:0:0:0:0:0:1
2026-05-08T22:47:49.939+05:30 DEBUG 11004 --- [adaptive-rate-limiter] [http-nio-8080-exec-10] c.r.a.filter.AuthenticationFilter        : Auth | AUTHENTICATED | key=test-client-123 | tier=FREE
2026-05-08T22:47:49.964+05:30  INFO 11004 --- [adaptive-rate-limiter] [http-nio-8080-exec-10] c.r.a.risk.CompositeRiskScorer           : MEDIUM RISK | client=client:test-client-123 | RiskScore{score=0.59, burst=0.45, errorRate=0.80, reason='High error rate (80% of error threshold)'}
2026-05-08T22:47:49.964+05:30  INFO 11004 --- [adaptive-rate-limiter] [http-nio-8080-exec-10] c.r.a.filter.RateLimitFilter             : Adaptive throttle | client=client:test-client-123 | base=60 | effective=24 | reason=High error rate (80% of error threshold)
2026-05-08T22:47:49.969+05:30 DEBUG 11004 --- [adaptive-rate-limiter] [http-nio-8080-exec-10] c.r.a.ratelimit.TokenBucketRateLimiter   : Token bucket ALLOWED key=rl:tb:client:test-client-123 remaining=33s
2026-05-08T22:47:49.970+05:30  INFO 11004 --- [adaptive-rate-limiter] [http-nio-8080-exec-10] c.r.a.filter.RateLimitFilter             : RateLimit | client=client:test-client-123 | path=/api/v1/users | allowed=true | remaining=33/34 | riskScore=0.59 | multiplier=0.41
2026-05-08T22:47:49.971+05:30 DEBUG 11004 --- [adaptive-rate-limiter] [http-nio-8080-exec-10] c.r.a.filter.FilterChain                 : Request ALLOWED | path=/api/v1/users | client=0:0:0:0:0:0:0:1
2026-05-08T22:47:49.972+05:30 DEBUG 11004 --- [adaptive-rate-limiter] [http-nio-8080-exec-10] c.r.a.controller.GatewayController       : Forwarding | method=GET | downstreamPath=/v1/users
2026-05-08T22:47:49.987+05:30 ERROR 11004 --- [adaptive-rate-limiter] [http-nio-8080-exec-10] c.r.a.controller.GatewayController       : Failed to forward request: Connection refused: no further information: localhost/127.0.0.1:9090
2026-05-08T22:47:50.044+05:30  INFO 11004 --- [adaptive-rate-limiter] [http-nio-8080-exec-1] c.r.a.controller.GatewayController       : Incoming | method=GET | path=/api/v1/users | ip=0:0:0:0:0:0:0:1
2026-05-08T22:47:50.044+05:30 DEBUG 11004 --- [adaptive-rate-limiter] [http-nio-8080-exec-1] c.r.a.filter.AuthenticationFilter        : Auth | AUTHENTICATED | key=test-client-123 | tier=FREE
2026-05-08T22:47:50.064+05:30  INFO 11004 --- [adaptive-rate-limiter] [http-nio-8080-exec-1] c.r.a.risk.CompositeRiskScorer           : MEDIUM RISK | client=client:test-client-123 | RiskScore{score=0.66, burst=0.50, errorRate=0.90, reason='High error rate (90% of error threshold)'}
2026-05-08T22:47:50.065+05:30  INFO 11004 --- [adaptive-rate-limiter] [http-nio-8080-exec-1] c.r.a.filter.RateLimitFilter             : Adaptive throttle | client=client:test-client-123 | base=60 | effective=20 | reason=High error rate (90% of error threshold)
2026-05-08T22:47:50.068+05:30 DEBUG 11004 --- [adaptive-rate-limiter] [http-nio-8080-exec-1] c.r.a.ratelimit.TokenBucketRateLimiter   : Token bucket ALLOWED key=rl:tb:client:test-client-123 remaining=29s
2026-05-08T22:47:50.069+05:30  INFO 11004 --- [adaptive-rate-limiter] [http-nio-8080-exec-1] c.r.a.filter.RateLimitFilter             : RateLimit | client=client:test-client-123 | path=/api/v1/users | allowed=true | remaining=29/30 | riskScore=0.66 | multiplier=0.34
2026-05-08T22:47:50.069+05:30 DEBUG 11004 --- [adaptive-rate-limiter] [http-nio-8080-exec-1] c.r.a.filter.FilterChain                 : Request ALLOWED | path=/api/v1/users | client=0:0:0:0:0:0:0:1
2026-05-08T22:47:50.069+05:30 DEBUG 11004 --- [adaptive-rate-limiter] [http-nio-8080-exec-1] c.r.a.controller.GatewayController       : Forwarding | method=GET | downstreamPath=/v1/users
2026-05-08T22:47:50.081+05:30 ERROR 11004 --- [adaptive-rate-limiter] [http-nio-8080-exec-1] c.r.a.controller.GatewayController       : Failed to forward request: Connection refused: no further information: localhost/127.0.0.1:9090
2026-05-08T22:47:50.140+05:30  INFO 11004 --- [adaptive-rate-limiter] [http-nio-8080-exec-2] c.r.a.controller.GatewayController       : Incoming | method=GET | path=/api/v1/users | ip=0:0:0:0:0:0:0:1
2026-05-08T22:47:50.140+05:30 DEBUG 11004 --- [adaptive-rate-limiter] [http-nio-8080-exec-2] c.r.a.filter.AuthenticationFilter        : Auth | AUTHENTICATED | key=test-client-123 | tier=FREE
2026-05-08T22:47:50.167+05:30  WARN 11004 --- [adaptive-rate-limiter] [http-nio-8080-exec-2] c.r.a.risk.CompositeRiskScorer           : HIGH RISK | client=client:test-client-123 | RiskScore{score=0.73, burst=0.55, errorRate=1.00, reason='High error rate (100% of error threshold)'}
2026-05-08T22:47:50.168+05:30  INFO 11004 --- [adaptive-rate-limiter] [http-nio-8080-exec-2] c.r.a.filter.RateLimitFilter             : Adaptive throttle | client=client:test-client-123 | base=60 | effective=16 | reason=High error rate (100% of error threshold)
2026-05-08T22:47:50.173+05:30 DEBUG 11004 --- [adaptive-rate-limiter] [http-nio-8080-exec-2] c.r.a.ratelimit.TokenBucketRateLimiter   : Token bucket ALLOWED key=rl:tb:client:test-client-123 remaining=15s
2026-05-08T22:47:50.174+05:30  INFO 11004 --- [adaptive-rate-limiter] [http-nio-8080-exec-2] c.r.a.filter.RateLimitFilter             : RateLimit | client=client:test-client-123 | path=/api/v1/users | allowed=true | remaining=15/16 | riskScore=0.73 | multiplier=0.27
2026-05-08T22:47:50.174+05:30 DEBUG 11004 --- [adaptive-rate-limiter] [http-nio-8080-exec-2] c.r.a.filter.FilterChain                 : Request ALLOWED | path=/api/v1/users | client=0:0:0:0:0:0:0:1
2026-05-08T22:47:50.174+05:30 DEBUG 11004 --- [adaptive-rate-limiter] [http-nio-8080-exec-2] c.r.a.controller.GatewayController       : Forwarding | method=GET | downstreamPath=/v1/users
2026-05-08T22:47:50.188+05:30 ERROR 11004 --- [adaptive-rate-limiter] [http-nio-8080-exec-2] c.r.a.controller.GatewayController       : Failed to forward request: Connection refused: no further information: localhost/127.0.0.1:9090
2026-05-08T22:47:50.261+05:30  INFO 11004 --- [adaptive-rate-limiter] [http-nio-8080-exec-3] c.r.a.controller.GatewayController       : Incoming | method=GET | path=/api/v1/users | ip=0:0:0:0:0:0:0:1
2026-05-08T22:47:50.261+05:30 DEBUG 11004 --- [adaptive-rate-limiter] [http-nio-8080-exec-3] c.r.a.filter.AuthenticationFilter        : Auth | AUTHENTICATED | key=test-client-123 | tier=FREE
2026-05-08T22:47:50.290+05:30  WARN 11004 --- [adaptive-rate-limiter] [http-nio-8080-exec-3] c.r.a.risk.CompositeRiskScorer           : HIGH RISK | client=client:test-client-123 | RiskScore{score=0.76, burst=0.60, errorRate=1.00, reason='High error rate (100% of error threshold)'}
2026-05-08T22:47:50.292+05:30  INFO 11004 --- [adaptive-rate-limiter] [http-nio-8080-exec-3] c.r.a.filter.RateLimitFilter             : Adaptive throttle | client=client:test-client-123 | base=60 | effective=14 | reason=High error rate (100% of error threshold)
2026-05-08T22:47:50.296+05:30 DEBUG 11004 --- [adaptive-rate-limiter] [http-nio-8080-exec-3] c.r.a.ratelimit.TokenBucketRateLimiter   : Token bucket ALLOWED key=rl:tb:client:test-client-123 remaining=13s
2026-05-08T22:47:50.297+05:30  INFO 11004 --- [adaptive-rate-limiter] [http-nio-8080-exec-3] c.r.a.filter.RateLimitFilter             : RateLimit | client=client:test-client-123 | path=/api/v1/users | allowed=true | remaining=13/14 | riskScore=0.76 | multiplier=0.24
2026-05-08T22:47:50.298+05:30 DEBUG 11004 --- [adaptive-rate-limiter] [http-nio-8080-exec-3] c.r.a.filter.FilterChain                 : Request ALLOWED | path=/api/v1/users | client=0:0:0:0:0:0:0:1
2026-05-08T22:47:50.298+05:30 DEBUG 11004 --- [adaptive-rate-limiter] [http-nio-8080-exec-3] c.r.a.controller.GatewayController       : Forwarding | method=GET | downstreamPath=/v1/users
2026-05-08T22:47:50.313+05:30 ERROR 11004 --- [adaptive-rate-limiter] [http-nio-8080-exec-3] c.r.a.controller.GatewayController       : Failed to forward request: Connection refused: no further information: localhost/127.0.0.1:9090
2026-05-08T22:47:50.379+05:30  INFO 11004 --- [adaptive-rate-limiter] [http-nio-8080-exec-4] c.r.a.controller.GatewayController       : Incoming | method=GET | path=/api/v1/users | ip=0:0:0:0:0:0:0:1
2026-05-08T22:47:50.379+05:30 DEBUG 11004 --- [adaptive-rate-limiter] [http-nio-8080-exec-4] c.r.a.filter.AuthenticationFilter        : Auth | AUTHENTICATED | key=test-client-123 | tier=FREE
2026-05-08T22:47:50.399+05:30  WARN 11004 --- [adaptive-rate-limiter] [http-nio-8080-exec-4] c.r.a.risk.CompositeRiskScorer           : HIGH RISK | client=client:test-client-123 | RiskScore{score=0.79, burst=0.65, errorRate=1.00, reason='High error rate (100% of error threshold)'}
2026-05-08T22:47:50.400+05:30  INFO 11004 --- [adaptive-rate-limiter] [http-nio-8080-exec-4] c.r.a.filter.RateLimitFilter             : Adaptive throttle | client=client:test-client-123 | base=60 | effective=12 | reason=High error rate (100% of error threshold)
2026-05-08T22:47:50.404+05:30 DEBUG 11004 --- [adaptive-rate-limiter] [http-nio-8080-exec-4] c.r.a.ratelimit.TokenBucketRateLimiter   : Token bucket ALLOWED key=rl:tb:client:test-client-123 remaining=11s
2026-05-08T22:47:50.406+05:30  INFO 11004 --- [adaptive-rate-limiter] [http-nio-8080-exec-4] c.r.a.filter.RateLimitFilter             : RateLimit | client=client:test-client-123 | path=/api/v1/users | allowed=true | remaining=11/12 | riskScore=0.79 | multiplier=0.21
2026-05-08T22:47:50.406+05:30 DEBUG 11004 --- [adaptive-rate-limiter] [http-nio-8080-exec-4] c.r.a.filter.FilterChain                 : Request ALLOWED | path=/api/v1/users | client=0:0:0:0:0:0:0:1
2026-05-08T22:47:50.406+05:30 DEBUG 11004 --- [adaptive-rate-limiter] [http-nio-8080-exec-4] c.r.a.controller.GatewayController       : Forwarding | method=GET | downstreamPath=/v1/users
2026-05-08T22:47:50.419+05:30 ERROR 11004 --- [adaptive-rate-limiter] [http-nio-8080-exec-4] c.r.a.controller.GatewayController       : Failed to forward request: Connection refused: no further information: localhost/127.0.0.1:9090
2026-05-08T22:47:50.476+05:30  INFO 11004 --- [adaptive-rate-limiter] [http-nio-8080-exec-5] c.r.a.controller.GatewayController       : Incoming | method=GET | path=/api/v1/users | ip=0:0:0:0:0:0:0:1
2026-05-08T22:47:50.476+05:30 DEBUG 11004 --- [adaptive-rate-limiter] [http-nio-8080-exec-5] c.r.a.filter.AuthenticationFilter        : Auth | AUTHENTICATED | key=test-client-123 | tier=FREE
2026-05-08T22:47:50.497+05:30  WARN 11004 --- [adaptive-rate-limiter] [http-nio-8080-exec-5] c.r.a.risk.CompositeRiskScorer           : HIGH RISK | client=client:test-client-123 | RiskScore{score=0.82, burst=0.70, errorRate=1.00, reason='High error rate (100% of error threshold)'}
2026-05-08T22:47:50.498+05:30  INFO 11004 --- [adaptive-rate-limiter] [http-nio-8080-exec-5] c.r.a.filter.RateLimitFilter             : Adaptive throttle | client=client:test-client-123 | base=60 | effective=10 | reason=High error rate (100% of error threshold)
2026-05-08T22:47:50.504+05:30 DEBUG 11004 --- [adaptive-rate-limiter] [http-nio-8080-exec-5] c.r.a.ratelimit.TokenBucketRateLimiter   : Token bucket ALLOWED key=rl:tb:client:test-client-123 remaining=9s
2026-05-08T22:47:50.506+05:30  INFO 11004 --- [adaptive-rate-limiter] [http-nio-8080-exec-5] c.r.a.filter.RateLimitFilter             : RateLimit | client=client:test-client-123 | path=/api/v1/users | allowed=true | remaining=9/10 | riskScore=0.82 | multiplier=0.18
2026-05-08T22:47:50.507+05:30 DEBUG 11004 --- [adaptive-rate-limiter] [http-nio-8080-exec-5] c.r.a.filter.FilterChain                 : Request ALLOWED | path=/api/v1/users | client=0:0:0:0:0:0:0:1
2026-05-08T22:47:50.507+05:30 DEBUG 11004 --- [adaptive-rate-limiter] [http-nio-8080-exec-5] c.r.a.controller.GatewayController       : Forwarding | method=GET | downstreamPath=/v1/users
2026-05-08T22:47:50.520+05:30 ERROR 11004 --- [adaptive-rate-limiter] [http-nio-8080-exec-5] c.r.a.controller.GatewayController       : Failed to forward request: Connection refused: no further information: localhost/127.0.0.1:9090
2026-05-08T22:47:50.577+05:30  INFO 11004 --- [adaptive-rate-limiter] [http-nio-8080-exec-7] c.r.a.controller.GatewayController       : Incoming | method=GET | path=/api/v1/users | ip=0:0:0:0:0:0:0:1
2026-05-08T22:47:50.577+05:30 DEBUG 11004 --- [adaptive-rate-limiter] [http-nio-8080-exec-7] c.r.a.filter.AuthenticationFilter        : Auth | AUTHENTICATED | key=test-client-123 | tier=FREE
2026-05-08T22:47:50.603+05:30  WARN 11004 --- [adaptive-rate-limiter] [http-nio-8080-exec-7] c.r.a.risk.CompositeRiskScorer           : HIGH RISK | client=client:test-client-123 | RiskScore{score=0.85, burst=0.75, errorRate=1.00, reason='High error rate (100% of error threshold)'}
2026-05-08T22:47:50.604+05:30  INFO 11004 --- [adaptive-rate-limiter] [http-nio-8080-exec-7] c.r.a.filter.RateLimitFilter             : Adaptive throttle | client=client:test-client-123 | base=60 | effective=9 | reason=High error rate (100% of error threshold)
2026-05-08T22:47:50.608+05:30 DEBUG 11004 --- [adaptive-rate-limiter] [http-nio-8080-exec-7] c.r.a.ratelimit.TokenBucketRateLimiter   : Token bucket ALLOWED key=rl:tb:client:test-client-123 remaining=8s
2026-05-08T22:47:50.609+05:30  INFO 11004 --- [adaptive-rate-limiter] [http-nio-8080-exec-7] c.r.a.filter.RateLimitFilter             : RateLimit | client=client:test-client-123 | path=/api/v1/users | allowed=true | remaining=8/9 | riskScore=0.85 | multiplier=0.15
2026-05-08T22:47:50.609+05:30 DEBUG 11004 --- [adaptive-rate-limiter] [http-nio-8080-exec-7] c.r.a.filter.FilterChain                 : Request ALLOWED | path=/api/v1/users | client=0:0:0:0:0:0:0:1
2026-05-08T22:47:50.610+05:30 DEBUG 11004 --- [adaptive-rate-limiter] [http-nio-8080-exec-7] c.r.a.controller.GatewayController       : Forwarding | method=GET | downstreamPath=/v1/users
2026-05-08T22:47:50.626+05:30 ERROR 11004 --- [adaptive-rate-limiter] [http-nio-8080-exec-7] c.r.a.controller.GatewayController       : Failed to forward request: Connection refused: no further information: localhost/127.0.0.1:9090
2026-05-08T22:47:50.677+05:30  INFO 11004 --- [adaptive-rate-limiter] [http-nio-8080-exec-6] c.r.a.controller.GatewayController       : Incoming | method=GET | path=/api/v1/users | ip=0:0:0:0:0:0:0:1
2026-05-08T22:47:50.677+05:30 DEBUG 11004 --- [adaptive-rate-limiter] [http-nio-8080-exec-6] c.r.a.filter.AuthenticationFilter        : Auth | AUTHENTICATED | key=test-client-123 | tier=FREE
2026-05-08T22:47:50.694+05:30  WARN 11004 --- [adaptive-rate-limiter] [http-nio-8080-exec-6] c.r.a.risk.CompositeRiskScorer           : HIGH RISK | client=client:test-client-123 | RiskScore{score=0.88, burst=0.80, errorRate=1.00, reason='High error rate (100% of error threshold)'}
2026-05-08T22:47:50.695+05:30  INFO 11004 --- [adaptive-rate-limiter] [http-nio-8080-exec-6] c.r.a.filter.RateLimitFilter             : Adaptive throttle | client=client:test-client-123 | base=60 | effective=7 | reason=High error rate (100% of error threshold)
2026-05-08T22:47:50.703+05:30 DEBUG 11004 --- [adaptive-rate-limiter] [http-nio-8080-exec-6] c.r.a.ratelimit.TokenBucketRateLimiter   : Token bucket ALLOWED key=rl:tb:client:test-client-123 remaining=6s
2026-05-08T22:47:50.705+05:30  INFO 11004 --- [adaptive-rate-limiter] [http-nio-8080-exec-6] c.r.a.filter.RateLimitFilter             : RateLimit | client=client:test-client-123 | path=/api/v1/users | allowed=true | remaining=6/7 | riskScore=0.88 | multiplier=0.12
2026-05-08T22:47:50.705+05:30 DEBUG 11004 --- [adaptive-rate-limiter] [http-nio-8080-exec-6] c.r.a.filter.FilterChain                 : Request ALLOWED | path=/api/v1/users | client=0:0:0:0:0:0:0:1
2026-05-08T22:47:50.706+05:30 DEBUG 11004 --- [adaptive-rate-limiter] [http-nio-8080-exec-6] c.r.a.controller.GatewayController       : Forwarding | method=GET | downstreamPath=/v1/users
2026-05-08T22:47:50.719+05:30 ERROR 11004 --- [adaptive-rate-limiter] [http-nio-8080-exec-6] c.r.a.controller.GatewayController       : Failed to forward request: Connection refused: no further information: localhost/127.0.0.1:9090
2026-05-08T22:47:50.784+05:30  INFO 11004 --- [adaptive-rate-limiter] [http-nio-8080-exec-8] c.r.a.controller.GatewayController       : Incoming | method=GET | path=/api/v1/users | ip=0:0:0:0:0:0:0:1
2026-05-08T22:47:50.784+05:30 DEBUG 11004 --- [adaptive-rate-limiter] [http-nio-8080-exec-8] c.r.a.filter.AuthenticationFilter        : Auth | AUTHENTICATED | key=test-client-123 | tier=FREE
2026-05-08T22:47:50.807+05:30  WARN 11004 --- [adaptive-rate-limiter] [http-nio-8080-exec-8] c.r.a.risk.CompositeRiskScorer           : HIGH RISK | client=client:test-client-123 | RiskScore{score=0.91, burst=0.85, errorRate=1.00, reason='High error rate (100% of error threshold)'}
2026-05-08T22:47:50.808+05:30  INFO 11004 --- [adaptive-rate-limiter] [http-nio-8080-exec-8] c.r.a.filter.RateLimitFilter             : Adaptive throttle | client=client:test-client-123 | base=60 | effective=6 | reason=High error rate (100% of error threshold)
2026-05-08T22:47:50.814+05:30 DEBUG 11004 --- [adaptive-rate-limiter] [http-nio-8080-exec-8] c.r.a.ratelimit.TokenBucketRateLimiter   : Token bucket ALLOWED key=rl:tb:client:test-client-123 remaining=5s
2026-05-08T22:47:50.815+05:30  INFO 11004 --- [adaptive-rate-limiter] [http-nio-8080-exec-8] c.r.a.filter.RateLimitFilter             : RateLimit | client=client:test-client-123 | path=/api/v1/users | allowed=true | remaining=5/6 | riskScore=0.91 | multiplier=0.10
2026-05-08T22:47:50.816+05:30 DEBUG 11004 --- [adaptive-rate-limiter] [http-nio-8080-exec-8] c.r.a.filter.FilterChain                 : Request ALLOWED | path=/api/v1/users | client=0:0:0:0:0:0:0:1
2026-05-08T22:47:50.816+05:30 DEBUG 11004 --- [adaptive-rate-limiter] [http-nio-8080-exec-8] c.r.a.controller.GatewayController       : Forwarding | method=GET | downstreamPath=/v1/users
2026-05-08T22:47:50.830+05:30 ERROR 11004 --- [adaptive-rate-limiter] [http-nio-8080-exec-8] c.r.a.controller.GatewayController       : Failed to forward request: Connection refused: no further information: localhost/127.0.0.1:9090
2026-05-08T22:47:50.907+05:30  INFO 11004 --- [adaptive-rate-limiter] [http-nio-8080-exec-9] c.r.a.controller.GatewayController       : Incoming | method=GET | path=/api/v1/users | ip=0:0:0:0:0:0:0:1
2026-05-08T22:47:50.907+05:30 DEBUG 11004 --- [adaptive-rate-limiter] [http-nio-8080-exec-9] c.r.a.filter.AuthenticationFilter        : Auth | AUTHENTICATED | key=test-client-123 | tier=FREE
2026-05-08T22:47:50.933+05:30  WARN 11004 --- [adaptive-rate-limiter] [http-nio-8080-exec-9] c.r.a.risk.CompositeRiskScorer           : HIGH RISK | client=client:test-client-123 | RiskScore{score=0.94, burst=0.90, errorRate=1.00, reason='High error rate (100% of error threshold)'}
2026-05-08T22:47:50.933+05:30  INFO 11004 --- [adaptive-rate-limiter] [http-nio-8080-exec-9] c.r.a.filter.RateLimitFilter             : Adaptive throttle | client=client:test-client-123 | base=60 | effective=6 | reason=High error rate (100% of error threshold)
2026-05-08T22:47:50.938+05:30 DEBUG 11004 --- [adaptive-rate-limiter] [http-nio-8080-exec-9] c.r.a.ratelimit.TokenBucketRateLimiter   : Token bucket ALLOWED key=rl:tb:client:test-client-123 remaining=4s
2026-05-08T22:47:50.939+05:30  INFO 11004 --- [adaptive-rate-limiter] [http-nio-8080-exec-9] c.r.a.filter.RateLimitFilter             : RateLimit | client=client:test-client-123 | path=/api/v1/users | allowed=true | remaining=4/6 | riskScore=0.94 | multiplier=0.10
2026-05-08T22:47:50.939+05:30 DEBUG 11004 --- [adaptive-rate-limiter] [http-nio-8080-exec-9] c.r.a.filter.FilterChain                 : Request ALLOWED | path=/api/v1/users | client=0:0:0:0:0:0:0:1
2026-05-08T22:47:50.940+05:30 DEBUG 11004 --- [adaptive-rate-limiter] [http-nio-8080-exec-9] c.r.a.controller.GatewayController       : Forwarding | method=GET | downstreamPath=/v1/users
2026-05-08T22:47:50.955+05:30 ERROR 11004 --- [adaptive-rate-limiter] [http-nio-8080-exec-9] c.r.a.controller.GatewayController       : Failed to forward request: Connection refused: no further information: localhost/127.0.0.1:9090
2026-05-08T22:47:51.023+05:30  INFO 11004 --- [adaptive-rate-limiter] [http-nio-8080-exec-10] c.r.a.controller.GatewayController       : Incoming | method=GET | path=/api/v1/users | ip=0:0:0:0:0:0:0:1
2026-05-08T22:47:51.023+05:30 DEBUG 11004 --- [adaptive-rate-limiter] [http-nio-8080-exec-10] c.r.a.filter.AuthenticationFilter        : Auth | AUTHENTICATED | key=test-client-123 | tier=FREE
2026-05-08T22:47:51.049+05:30  WARN 11004 --- [adaptive-rate-limiter] [http-nio-8080-exec-10] c.r.a.risk.CompositeRiskScorer           : HIGH RISK | client=client:test-client-123 | RiskScore{score=0.97, burst=0.95, errorRate=1.00, reason='High error rate (100% of error threshold)'}
2026-05-08T22:47:51.050+05:30  INFO 11004 --- [adaptive-rate-limiter] [http-nio-8080-exec-10] c.r.a.filter.RateLimitFilter             : Adaptive throttle | client=client:test-client-123 | base=60 | effective=6 | reason=High error rate (100% of error threshold)
2026-05-08T22:47:51.054+05:30 DEBUG 11004 --- [adaptive-rate-limiter] [http-nio-8080-exec-10] c.r.a.ratelimit.TokenBucketRateLimiter   : Token bucket ALLOWED key=rl:tb:client:test-client-123 remaining=3s
2026-05-08T22:47:51.055+05:30  INFO 11004 --- [adaptive-rate-limiter] [http-nio-8080-exec-10] c.r.a.filter.RateLimitFilter             : RateLimit | client=client:test-client-123 | path=/api/v1/users | allowed=true | remaining=3/6 | riskScore=0.97 | multiplier=0.10
2026-05-08T22:47:51.055+05:30 DEBUG 11004 --- [adaptive-rate-limiter] [http-nio-8080-exec-10] c.r.a.filter.FilterChain                 : Request ALLOWED | path=/api/v1/users | client=0:0:0:0:0:0:0:1
2026-05-08T22:47:51.055+05:30 DEBUG 11004 --- [adaptive-rate-limiter] [http-nio-8080-exec-10] c.r.a.controller.GatewayController       : Forwarding | method=GET | downstreamPath=/v1/users
2026-05-08T22:47:51.067+05:30 ERROR 11004 --- [adaptive-rate-limiter] [http-nio-8080-exec-10] c.r.a.controller.GatewayController       : Failed to forward request: Connection refused: no further information: localhost/127.0.0.1:9090
2026-05-08T22:47:51.131+05:30  INFO 11004 --- [adaptive-rate-limiter] [http-nio-8080-exec-1] c.r.a.controller.GatewayController       : Incoming | method=GET | path=/api/v1/users | ip=0:0:0:0:0:0:0:1
2026-05-08T22:47:51.131+05:30 DEBUG 11004 --- [adaptive-rate-limiter] [http-nio-8080-exec-1] c.r.a.filter.AuthenticationFilter        : Auth | AUTHENTICATED | key=test-client-123 | tier=FREE
2026-05-08T22:47:51.152+05:30  WARN 11004 --- [adaptive-rate-limiter] [http-nio-8080-exec-1] c.r.a.risk.CompositeRiskScorer           : HIGH RISK | client=client:test-client-123 | RiskScore{score=1.00, burst=1.00, errorRate=1.00, reason='High error rate (100% of error threshold)'}
2026-05-08T22:47:51.152+05:30  INFO 11004 --- [adaptive-rate-limiter] [http-nio-8080-exec-1] c.r.a.filter.RateLimitFilter             : Adaptive throttle | client=client:test-client-123 | base=60 | effective=6 | reason=High error rate (100% of error threshold)
2026-05-08T22:47:51.157+05:30 DEBUG 11004 --- [adaptive-rate-limiter] [http-nio-8080-exec-1] c.r.a.ratelimit.TokenBucketRateLimiter   : Token bucket ALLOWED key=rl:tb:client:test-client-123 remaining=2s
2026-05-08T22:47:51.157+05:30  INFO 11004 --- [adaptive-rate-limiter] [http-nio-8080-exec-1] c.r.a.filter.RateLimitFilter             : RateLimit | client=client:test-client-123 | path=/api/v1/users | allowed=true | remaining=2/6 | riskScore=1.00 | multiplier=0.10
2026-05-08T22:47:51.158+05:30 DEBUG 11004 --- [adaptive-rate-limiter] [http-nio-8080-exec-1] c.r.a.filter.FilterChain                 : Request ALLOWED | path=/api/v1/users | client=0:0:0:0:0:0:0:1
2026-05-08T22:47:51.158+05:30 DEBUG 11004 --- [adaptive-rate-limiter] [http-nio-8080-exec-1] c.r.a.controller.GatewayController       : Forwarding | method=GET | downstreamPath=/v1/users
2026-05-08T22:47:51.168+05:30 ERROR 11004 --- [adaptive-rate-limiter] [http-nio-8080-exec-1] c.r.a.controller.GatewayController       : Failed to forward request: Connection refused: no further information: localhost/127.0.0.1:9090
2026-05-08T22:47:51.221+05:30  INFO 11004 --- [adaptive-rate-limiter] [http-nio-8080-exec-2] c.r.a.controller.GatewayController       : Incoming | method=GET | path=/api/v1/users | ip=0:0:0:0:0:0:0:1
2026-05-08T22:47:51.221+05:30 DEBUG 11004 --- [adaptive-rate-limiter] [http-nio-8080-exec-2] c.r.a.filter.AuthenticationFilter        : Auth | AUTHENTICATED | key=test-client-123 | tier=FREE
2026-05-08T22:47:51.239+05:30  WARN 11004 --- [adaptive-rate-limiter] [http-nio-8080-exec-2] c.r.a.risk.CompositeRiskScorer           : HIGH RISK | client=client:test-client-123 | RiskScore{score=1.00, burst=1.00, errorRate=1.00, reason='High error rate (100% of error threshold)'}
2026-05-08T22:47:51.239+05:30  INFO 11004 --- [adaptive-rate-limiter] [http-nio-8080-exec-2] c.r.a.filter.RateLimitFilter             : Adaptive throttle | client=client:test-client-123 | base=60 | effective=6 | reason=High error rate (100% of error threshold)
2026-05-08T22:47:51.242+05:30 DEBUG 11004 --- [adaptive-rate-limiter] [http-nio-8080-exec-2] c.r.a.ratelimit.TokenBucketRateLimiter   : Token bucket ALLOWED key=rl:tb:client:test-client-123 remaining=1s
2026-05-08T22:47:51.243+05:30  INFO 11004 --- [adaptive-rate-limiter] [http-nio-8080-exec-2] c.r.a.filter.RateLimitFilter             : RateLimit | client=client:test-client-123 | path=/api/v1/users | allowed=true | remaining=1/6 | riskScore=1.00 | multiplier=0.10
2026-05-08T22:47:51.243+05:30 DEBUG 11004 --- [adaptive-rate-limiter] [http-nio-8080-exec-2] c.r.a.filter.FilterChain                 : Request ALLOWED | path=/api/v1/users | client=0:0:0:0:0:0:0:1
2026-05-08T22:47:51.243+05:30 DEBUG 11004 --- [adaptive-rate-limiter] [http-nio-8080-exec-2] c.r.a.controller.GatewayController       : Forwarding | method=GET | downstreamPath=/v1/users
2026-05-08T22:47:51.254+05:30 ERROR 11004 --- [adaptive-rate-limiter] [http-nio-8080-exec-2] c.r.a.controller.GatewayController       : Failed to forward request: Connection refused: no further information: localhost/127.0.0.1:9090
2026-05-08T22:47:51.323+05:30  INFO 11004 --- [adaptive-rate-limiter] [http-nio-8080-exec-3] c.r.a.controller.GatewayController       : Incoming | method=GET | path=/api/v1/users | ip=0:0:0:0:0:0:0:1
2026-05-08T22:47:51.323+05:30 DEBUG 11004 --- [adaptive-rate-limiter] [http-nio-8080-exec-3] c.r.a.filter.AuthenticationFilter        : Auth | AUTHENTICATED | key=test-client-123 | tier=FREE
2026-05-08T22:47:51.345+05:30  WARN 11004 --- [adaptive-rate-limiter] [http-nio-8080-exec-3] c.r.a.risk.CompositeRiskScorer           : HIGH RISK | client=client:test-client-123 | RiskScore{score=1.00, burst=1.00, errorRate=1.00, reason='High error rate (100% of error threshold)'}
2026-05-08T22:47:51.345+05:30  INFO 11004 --- [adaptive-rate-limiter] [http-nio-8080-exec-3] c.r.a.filter.RateLimitFilter             : Adaptive throttle | client=client:test-client-123 | base=60 | effective=6 | reason=High error rate (100% of error threshold)
2026-05-08T22:47:51.350+05:30 DEBUG 11004 --- [adaptive-rate-limiter] [http-nio-8080-exec-3] c.r.a.ratelimit.TokenBucketRateLimiter   : Token bucket ALLOWED key=rl:tb:client:test-client-123 remaining=0s
2026-05-08T22:47:51.351+05:30  INFO 11004 --- [adaptive-rate-limiter] [http-nio-8080-exec-3] c.r.a.filter.RateLimitFilter             : RateLimit | client=client:test-client-123 | path=/api/v1/users | allowed=true | remaining=0/6 | riskScore=1.00 | multiplier=0.10
2026-05-08T22:47:51.351+05:30 DEBUG 11004 --- [adaptive-rate-limiter] [http-nio-8080-exec-3] c.r.a.filter.FilterChain                 : Request ALLOWED | path=/api/v1/users | client=0:0:0:0:0:0:0:1
2026-05-08T22:47:51.351+05:30 DEBUG 11004 --- [adaptive-rate-limiter] [http-nio-8080-exec-3] c.r.a.controller.GatewayController       : Forwarding | method=GET | downstreamPath=/v1/users
2026-05-08T22:47:51.364+05:30 ERROR 11004 --- [adaptive-rate-limiter] [http-nio-8080-exec-3] c.r.a.controller.GatewayController       : Failed to forward request: Connection refused: no further information: localhost/127.0.0.1:9090
2026-05-08T22:47:51.430+05:30  INFO 11004 --- [adaptive-rate-limiter] [http-nio-8080-exec-4] c.r.a.controller.GatewayController       : Incoming | method=GET | path=/api/v1/users | ip=0:0:0:0:0:0:0:1
2026-05-08T22:47:51.430+05:30 DEBUG 11004 --- [adaptive-rate-limiter] [http-nio-8080-exec-4] c.r.a.filter.AuthenticationFilter        : Auth | AUTHENTICATED | key=test-client-123 | tier=FREE
2026-05-08T22:47:51.452+05:30  WARN 11004 --- [adaptive-rate-limiter] [http-nio-8080-exec-4] c.r.a.risk.CompositeRiskScorer           : HIGH RISK | client=client:test-client-123 | RiskScore{score=1.00, burst=1.00, errorRate=1.00, reason='High error rate (100% of error threshold)'}
2026-05-08T22:47:51.453+05:30  INFO 11004 --- [adaptive-rate-limiter] [http-nio-8080-exec-4] c.r.a.filter.RateLimitFilter             : Adaptive throttle | client=client:test-client-123 | base=60 | effective=6 | reason=High error rate (100% of error threshold)
2026-05-08T22:47:51.458+05:30 DEBUG 11004 --- [adaptive-rate-limiter] [http-nio-8080-exec-4] c.r.a.ratelimit.TokenBucketRateLimiter   : Token bucket DENIED key=rl:tb:client:test-client-123 remaining=10s
2026-05-08T22:47:51.458+05:30  INFO 11004 --- [adaptive-rate-limiter] [http-nio-8080-exec-4] c.r.a.filter.RateLimitFilter             : RateLimit | client=client:test-client-123 | path=/api/v1/users | allowed=false | remaining=0/6 | riskScore=1.00 | multiplier=0.10
2026-05-08T22:47:51.459+05:30  INFO 11004 --- [adaptive-rate-limiter] [http-nio-8080-exec-4] c.r.a.filter.FilterChain                 : Request BLOCKED | filter=RateLimitFilter | path=/api/v1/users | client=0:0:0:0:0:0:0:1 | reason=Rate Limit exceeded. Too many requests.
2026-05-08T22:47:51.536+05:30  INFO 11004 --- [adaptive-rate-limiter] [http-nio-8080-exec-5] c.r.a.controller.GatewayController       : Incoming | method=GET | path=/api/v1/users | ip=0:0:0:0:0:0:0:1
2026-05-08T22:47:51.536+05:30 DEBUG 11004 --- [adaptive-rate-limiter] [http-nio-8080-exec-5] c.r.a.filter.AuthenticationFilter        : Auth | AUTHENTICATED | key=test-client-123 | tier=FREE
2026-05-08T22:47:51.569+05:30  WARN 11004 --- [adaptive-rate-limiter] [http-nio-8080-exec-5] c.r.a.risk.CompositeRiskScorer           : HIGH RISK | client=client:test-client-123 | RiskScore{score=1.00, burst=1.00, errorRate=1.00, reason='High error rate (100% of error threshold)'}
2026-05-08T22:47:51.570+05:30  INFO 11004 --- [adaptive-rate-limiter] [http-nio-8080-exec-5] c.r.a.filter.RateLimitFilter             : Adaptive throttle | client=client:test-client-123 | base=60 | effective=6 | reason=High error rate (100% of error threshold)
2026-05-08T22:47:51.574+05:30 DEBUG 11004 --- [adaptive-rate-limiter] [http-nio-8080-exec-5] c.r.a.ratelimit.TokenBucketRateLimiter   : Token bucket DENIED key=rl:tb:client:test-client-123 remaining=10s
2026-05-08T22:47:51.575+05:30  INFO 11004 --- [adaptive-rate-limiter] [http-nio-8080-exec-5] c.r.a.filter.RateLimitFilter             : RateLimit | client=client:test-client-123 | path=/api/v1/users | allowed=false | remaining=0/6 | riskScore=1.00 | multiplier=0.10
2026-05-08T22:47:51.575+05:30  INFO 11004 --- [adaptive-rate-limiter] [http-nio-8080-exec-5] c.r.a.filter.FilterChain                 : Request BLOCKED | filter=RateLimitFilter | path=/api/v1/users | client=0:0:0:0:0:0:0:1 | reason=Rate Limit exceeded. Too many requests.
2026-05-08T22:47:51.632+05:30  INFO 11004 --- [adaptive-rate-limiter] [http-nio-8080-exec-7] c.r.a.controller.GatewayController       : Incoming | method=GET | path=/api/v1/users | ip=0:0:0:0:0:0:0:1
2026-05-08T22:47:51.632+05:30 DEBUG 11004 --- [adaptive-rate-limiter] [http-nio-8080-exec-7] c.r.a.filter.AuthenticationFilter        : Auth | AUTHENTICATED | key=test-client-123 | tier=FREE
2026-05-08T22:47:51.652+05:30  WARN 11004 --- [adaptive-rate-limiter] [http-nio-8080-exec-7] c.r.a.risk.CompositeRiskScorer           : HIGH RISK | client=client:test-client-123 | RiskScore{score=1.00, burst=1.00, errorRate=1.00, reason='High error rate (100% of error threshold)'}
2026-05-08T22:47:51.652+05:30  INFO 11004 --- [adaptive-rate-limiter] [http-nio-8080-exec-7] c.r.a.filter.RateLimitFilter             : Adaptive throttle | client=client:test-client-123 | base=60 | effective=6 | reason=High error rate (100% of error threshold)
2026-05-08T22:47:51.656+05:30 DEBUG 11004 --- [adaptive-rate-limiter] [http-nio-8080-exec-7] c.r.a.ratelimit.TokenBucketRateLimiter   : Token bucket DENIED key=rl:tb:client:test-client-123 remaining=10s
2026-05-08T22:47:51.657+05:30  INFO 11004 --- [adaptive-rate-limiter] [http-nio-8080-exec-7] c.r.a.filter.RateLimitFilter             : RateLimit | client=client:test-client-123 | path=/api/v1/users | allowed=false | remaining=0/6 | riskScore=1.00 | multiplier=0.10
2026-05-08T22:47:51.657+05:30  INFO 11004 --- [adaptive-rate-limiter] [http-nio-8080-exec-7] c.r.a.filter.FilterChain                 : Request BLOCKED | filter=RateLimitFilter | path=/api/v1/users | client=0:0:0:0:0:0:0:1 | reason=Rate Limit exceeded. Too many requests.
2026-05-08T23:07:56.900+05:30  INFO 11004 --- [adaptive-rate-limiter] [SpringApplicationShutdownHook] o.s.b.w.e.tomcat.GracefulShutdown        : Commencing graceful shutdown. Waiting for active requests to complete
2026-05-08T23:07:56.930+05:30  INFO 11004 --- [adaptive-rate-limiter] [tomcat-shutdown] o.s.b.w.e.tomcat.GracefulShutdown        : Graceful shutdown complete
2026-05-08T23:07:56.938+05:30  INFO 11004 --- [adaptive-rate-limiter] [SpringApplicationShutdownHook] o.s.b.w.e.tomcat.GracefulShutdown        : Commencing graceful shutdown. Waiting for active requests to complete
2026-05-08T23:07:56.969+05:30  INFO 11004 --- [adaptive-rate-limiter] [tomcat-shutdown] o.s.b.w.e.tomcat.GracefulShutdown        : Graceful shutdown complete
